-- phpMyAdmin SQL Dump
-- version 5.2.1
-- https://www.phpmyadmin.net/
--
-- Host: mysql-babaste.alwaysdata.net
-- Generation Time: Dec 06, 2024 at 10:59 PM
-- Server version: 10.11.9-MariaDB
-- PHP Version: 7.4.33

SET SQL_MODE = "NO_AUTO_VALUE_ON_ZERO";
START TRANSACTION;
SET time_zone = "+00:00";


/*!40101 SET @OLD_CHARACTER_SET_CLIENT=@@CHARACTER_SET_CLIENT */;
/*!40101 SET @OLD_CHARACTER_SET_RESULTS=@@CHARACTER_SET_RESULTS */;
/*!40101 SET @OLD_COLLATION_CONNECTION=@@COLLATION_CONNECTION */;
/*!40101 SET NAMES utf8mb4 */;

--
-- Database: `babaste_predict_car`
--

-- --------------------------------------------------------

--
-- Table structure for table `Carburant`
--

CREATE TABLE `Carburant` (
  `ID_Carburant` int(11) NOT NULL,
  `Type` varchar(255) NOT NULL
) ENGINE=InnoDB DEFAULT CHARSET=utf8mb4 COLLATE=utf8mb4_general_ci;

--
-- Dumping data for table `Carburant`
--

INSERT INTO `Carburant` (`ID_Carburant`, `Type`) VALUES
(1, 'Essence'),
(2, 'Électrique'),
(3, 'Non spécifié'),
(4, 'Hybride essence'),
(5, 'Hybride essence rechargeable'),
(6, 'Micro-hybride essence'),
(7, 'Diesel'),
(8, 'Micro-hybride diesel');

-- --------------------------------------------------------

--
-- Table structure for table `Finition`
--

CREATE TABLE `Finition` (
  `ID_Finition` int(11) NOT NULL,
  `Nom` varchar(255) NOT NULL,
  `Marque_ID` int(11) DEFAULT NULL
) ENGINE=InnoDB DEFAULT CHARSET=utf8mb4 COLLATE=utf8mb4_general_ci;

--
-- Dumping data for table `Finition`
--

INSERT INTO `Finition` (`ID_Finition`, `Nom`, `Marque_ID`) VALUES
(193, 'Allure', 798),
(194, 'GT', 798),
(195, 'Allure Suréquipée', 798),
(196, 'Edition Sport', 799),
(197, 'Essential', 800),
(198, '0', 801),
(199, 'Luxury', 802),
(200, 'Active', 798),
(201, 'Techno', 803),
(202, 'Allure Pack', 798),
(203, 'Extrême', 800),
(204, 'Like', 798),
(205, 'Shine Pack', 804),
(206, 'S Line', 805),
(207, 'Active Business', 798),
(208, 'Feel', 804),
(209, 'Tekna', 806),
(210, 'Style', 798),
(211, 'Business', 803),
(212, 'Millenium', 804),
(213, 'Design', 807),
(214, 'Allure Pack Suréquipée', 798),
(215, 'Shine', 804),
(216, 'Prestige Suréquipée', 800),
(217, 'GT Suréquipée', 798),
(218, 'Life', 803),
(219, 'Signature', 798),
(220, 'Active Pack', 798),
(221, 'Design', 805),
(222, 'Allure Business', 798),
(223, 'Intens', 803),
(224, 'GT Line', 798),
(225, 'esprit Alpine', 803),
(226, 'GT Pack', 798),
(227, 'Zen', 803),
(228, 'Active Pack Suréquipée', 798),
(229, 'Crossway suréquipée', 798),
(230, 'Business Suréquipé', 808),
(231, 'Edition', 807),
(232, 'Tech Edition', 798),
(233, 'Crossway', 798),
(234, 'Access', 800),
(235, 'GT Line Suréquipée', 798),
(236, 'Business Suréquipée', 803),
(237, 'RS Line', 803),
(238, 'Grande Autonomie AWD', 801),
(239, 'Active Business R', 798),
(240, 'Lutecia', 803),
(241, 'Business', 798),
(242, 'Active Suréquipée', 798),
(243, 'Black Touch suréquipée', 800),
(244, 'Essentiel', 800),
(245, 'Feel Business', 804),
(246, 'Style Suréquipée', 798),
(247, 'Stepway', 800),
(248, 'Allure Pack Suréquipé', 798),
(249, 'Allure suréquipé', 798),
(250, 'Roadtrip', 798),
(251, 'GT suréquipé', 798),
(252, 'Shine XL Suréquipée', 804),
(253, 'GT Line Suréquipé', 798),
(254, 'R.S. Line', 803),
(255, 'Plus Suréquipée', 804),
(256, 'Dynamic', 807),
(257, 'Progressive Line', 809),
(258, 'N-Connecta', 806),
(259, 'C-Series', 804),
(260, '-', 807),
(261, 'Shine Pack Suréquipée', 804),
(262, 'Max', 804),
(263, 'Cosmo Pack', 810),
(264, 'GR Sport', 807),
(265, 'S Line suréquipée', 805),
(266, 'Evolution', 803),
(267, 'Intens suréquipée', 803),
(268, 'VZ', 811),
(269, 'GT Pack Suréquipée', 798),
(270, 'Graphic', 804),
(271, 'Techno esprit Alpine', 803),
(272, 'Shine suréquipée', 804),
(273, 'Business', 804),
(274, 'Live', 804),
(275, 'GT-Line', 798),
(276, 'Limited', 803),
(277, 'Acenta', 806),
(278, 'Shine Business', 804),
(279, 'Allure Business Suréquipée', 798),
(280, 'Plus', 804),
(281, 'Feel Pack', 804),
(282, 'N-Connecta Suréquipée', 806),
(283, 'Expression', 800),
(284, 'Initiale Paris EDC', 803),
(285, 'SL Extreme', 800),
(286, 'Dynamic Suréquipée', 807),
(287, 'Initiale Paris', 803),
(288, 'Millenium Suréquipée', 804),
(289, 'Style Line', 809),
(290, 'Connect Edition', 806),
(291, 'Créative', 812),
(292, 'Graphic', 807),
(293, 'Air Collection', 807),
(294, 'Stepway Expression', 800),
(295, 'Business Edition', 806),
(296, '-', 800),
(297, 'Edition Suréquipée', 807),
(298, 'Life', 808),
(299, 'ELLE', 804),
(300, '-', 806),
(301, 'Confort', 800),
(302, 'GS Line', 810),
(303, 'GT Line Surquipée', 798),
(304, 'SL Techroad', 800),
(305, 'Allure Suréquiée', 798),
(306, 'Sunshine', 804),
(307, 'Active', 808),
(308, 'Stepway Confort', 800),
(309, 'Acenta Suréquipée', 806),
(310, 'GTi', 808),
(311, 'Trendline', 808),
(312, 'Tech Edition suréquipée', 798),
(313, '-', 812),
(314, 'Lounge', 807),
(315, 'Prestige', 800),
(316, 'Prime', 812),
(317, 'Feel suréquipé', 804),
(318, 'Stepway Confort Suréquipée', 800),
(319, 'Zen Suréquipée', 803),
(320, 'Style', 808),
(321, 'Confort suréquipée', 800),
(322, 'Equilibre', 803),
(323, 'C-Series Suréquipée', 804),
(324, 'GTI Clubsport', 808),
(325, 'Feel Suréquipée', 804),
(326, 'Lounge Suréquipée', 799),
(327, 'Standard Plus', 801),
(328, 'You', 804),
(329, 'Dynamic Business', 807),
(330, 'Selection', 807),
(331, 'Collection', 807),
(332, 'Stepway Essentiel', 800),
(333, 'Feel Pack Business', 804),
(334, '15 ans', 800),
(335, 'passion', 813),
(336, 'Style Suréquipée', 808),
(337, 'Rip Curl', 804),
(338, 'GR-Sport', 807),
(339, 'Sline', 805),
(340, 'Business', 807),
(341, 'ST-Line', 814),
(342, 'Elégance', 810),
(343, 'GTE', 808),
(344, 'Ultimate', 810),
(345, 'R-Line Suréquipée', 808),
(346, 'Icône', 813),
(347, 'Design', 815),
(348, 'France', 807),
(349, 'Lounge', 813),
(350, 'Titanium', 814),
(351, 'R', 808),
(352, 'Prestige Suréquipé', 800),
(353, 'Carat Exclusive', 808),
(354, 'Journey', 800),
(355, 'M Sport Ultimate', 799),
(356, 'Engineered', 803),
(357, 'Performance Line', 816),
(358, 'AMG Line Suréquipée', 809),
(359, 'POP', 813),
(360, 'Edition Suréquipée', 810),
(361, 'Rivoli', 816),
(362, 'R-Line Exclusive', 808),
(363, 'Inspiration Suréquipée', 809),
(364, 'GS', 810),
(365, 'R-Line', 808),
(366, 'Exclusive', 815),
(367, 'Trend Suréquipée', 808),
(368, 'Life 1st', 808),
(369, 'Life Business', 808),
(370, 'Confort Plus', 800),
(371, 'V', 811),
(372, 'N Line', 812),
(373, 'GT Line Premium', 815),
(374, 'Executive', 812),
(375, 'Color Edition', 810),
(376, 'AMG Line Premium Suréquipée', 809),
(377, 'Dolcevita', 813),
(378, 'La Prima', 813),
(379, 'Elegance Exclusive', 808),
(380, 'Carat', 808),
(381, 'Authentic', 803),
(382, 'Non spécifié', 808),
(383, 'Business', 808),
(384, '-', 813),
(385, 'Executive Suréquipée', 809),
(386, 'M Sport', 799),
(387, 'Business', 800),
(388, 'Action', 813),
(389, 'Design Suréquipée', 805),
(390, 'Lounge Suréquipée', 808),
(391, 'Base', 805),
(392, 'S Edition', 803),
(393, 'Sport Chic Suréquipée', 816),
(394, 'Trend', 812),
(395, 'ST-Line X', 814),
(396, 'AMG Line', 809),
(397, 'Progressive Line Suréquipée', 809),
(398, 'Business Line', 809),
(399, 'Vibes', 803),
(400, '-', 811),
(401, 'Performance Line Suréquipé', 816),
(402, 'Shine Edition', 804),
(403, 'ST-Line Suréquipée', 814),
(404, 'Style', 817),
(405, 'Dolcevita Suréquipée', 813),
(406, 'GS Line Suréquipée', 810),
(407, 'Non spécifié', 803),
(408, 'R-Line Tech', 808),
(409, 'Motion', 815),
(410, 'Edition One', 803),
(411, 'Edition', 810),
(412, 'Zen EDC', 803),
(413, 'Privilège', 818),
(414, 'First Edition', 798),
(415, 'Réference', 817),
(416, 'A3', 805),
(417, 'xLine', 799),
(418, 'Elégance suréquipée', 810),
(419, 'Classic', 819),
(420, 'Dual Motor 7pl', 801),
(421, 'Business', 817),
(422, 'Elegance Business Suréquipée', 810),
(423, 'Confortline Suréquipée', 808),
(424, 'Match Suréquipée', 808),
(425, 'Louvre Suéquipée', 816),
(426, 'Business 2020', 800),
(427, 'SL Graphite', 803),
(428, 'Exclusive', 804),
(429, 'Cross Rivoli suréquipée', 816),
(430, 'Elegance Business', 810),
(431, 'Longitude', 820),
(432, 'SL Limited', 803),
(433, 'Carat Suréquipée', 808),
(434, 'Cosmo', 810),
(435, '-', 799),
(436, 'Connected Chic', 816),
(437, '-', 805),
(438, 'Armor-Lux', 803),
(439, 'Business', 815),
(440, 'Performance Line Suréquipée', 816),
(441, 'Ultimate', 821),
(442, 'Suréquipée', 805),
(443, 'Shine Suréquipé', 804),
(444, 'Trendline Business', 808),
(445, 'Graphite', 803),
(446, 'Dual Motor', 801),
(447, 'Autonomie Standard', 801),
(448, 'Design Luxe Suréquipée', 805),
(449, '-', 816),
(450, '-', 810),
(451, 'Inspiration', 809),
(452, 'Cross', 813),
(453, 'Xcellence', 817),
(454, 'La Première', 816),
(455, 'T-Roc', 808),
(456, 'Origins', 804),
(457, 'A3 Sportback 30 TFSI 116 S tronic 7', 805),
(458, 'Design Suréquipé', 805),
(459, 'So Chic', 816),
(460, 'Lounge', 799),
(461, 'Première Edition', 806),
(462, 'Style', 818),
(463, 'Salt suréquipée', 819),
(464, 'Design Pack Ext. S-line Suréquipée', 805),
(465, 'So Chic Suréquipée', 816),
(466, 'Grand Chic Suréquipée', 816),
(467, 'City Cross Suréquipée', 813),
(468, 'FR', 817),
(469, 'Cross Rivoli', 816),
(470, 'Advance', 808),
(471, 'Essential', 819),
(472, 'Be Chic Suréquipée', 816),
(473, 'Intens Gamme 2017', 803),
(474, 'Intens 7PL', 803),
(475, 'Intens Charge Rapide Gamme 2017', 803),
(476, 'Suréquipé', 805),
(477, 'Premium', 815),
(478, 'City Cross', 813),
(479, 'xLine Suréquipée', 799),
(480, 'Executive', 816),
(481, '-', 817),
(482, 'Design & Tech', 810),
(483, 'A3 Sportback TFSI 115', 805),
(484, 'Ambiente Suréquipée', 805),
(485, 'Performance Line Plus', 816),
(486, 'Style Suréquipée', 817),
(487, 'Access', 798),
(488, 'Elégance Suréquipé', 810),
(489, 'Grand Chic', 816),
(490, 'Extreme 7 Pl', 800),
(491, 'Q2 30 TFSI 110', 805),
(492, 'Intens 7 Pl', 803),
(493, 'Sport', 799),
(494, 'Confortline', 808),
(495, 'Edition Premium Plus', 819),
(496, 'Style', 815),
(497, 'Advanced', 805),
(498, 'Finition Chili Suréquipée', 819),
(499, 'Féline', 798),
(500, 'Business Line', 805),
(501, 'City Cross Business Suréquipée', 813),
(502, '-', 822),
(503, '116d 116 DKG7', 799),
(504, 'Pack Confort', 813),
(505, 'Business', 819),
(506, 'SL Extreme 7 Pl', 800),
(507, 'Edition Premium', 819),
(508, 'Urban', 813),
(509, 'Sport Suréquipée', 799),
(510, 'Sensation', 809),
(511, 'Q2', 805),
(512, 'M Sport Suréquipée', 799),
(513, 'Active', 815),
(514, 'Sport', 813),
(515, 'Titanium Business', 814),
(516, 'Ambition', 822),
(517, 'Join Suréquipée', 808),
(518, 'Grand Chic Suréquipé', 816),
(519, 'IQ Drive', 808),
(520, 'X Line', 815),
(521, 'Edition Sport Suréquipée', 799),
(522, '01', 823),
(523, 'Design 120 ans', 810),
(524, 'Style', 822),
(525, 'S line Suréquipé', 805),
(526, 'Opel 2020', 810),
(527, 'Night Eagle', 820),
(528, 'ST Line', 814),
(529, '116i 109', 799),
(530, '116d 116', 799),
(531, 'GT Line', 815),
(532, 'Q3 Sportback 35 TFSI 150', 805),
(533, 'Performance', 801),
(534, 'ST-Line Design Suréquipé', 814),
(535, 'Limited', 820),
(536, 'Business Design', 799),
(537, 'Elite', 810),
(538, 'Innovation Suréqipée', 810),
(539, 'Suréquipée', 819),
(540, 'Innovation', 810),
(541, '116d 116 DKG7 DESIGN', 799),
(542, 'Finition Exquisite', 819),
(543, 'Comfort', 802),
(544, 'Titanium X Business', 814),
(545, 'Trend Suréquipée', 814),
(546, 'Business', 814),
(547, '-', 820),
(548, 'GL', 818),
(549, 'Finition Greenwich', 819),
(550, 'M Sport Suréquipé', 799),
(551, 'Style Plus', 822),
(552, 'Longitude Business', 820),
(553, 'Be Chic', 816),
(554, 'ComfortLine', 815),
(555, 'Sport', 820),
(556, '80th Anniversary', 820),
(557, 'Plus', 814),
(558, 'Design 120 ans Suréquipée', 810),
(559, 'Advantage', 799),
(560, 'M Shine', 804),
(561, 'Style 7Pl Suréquipée', 808),
(562, 'Icône Suréquipée', 813),
(563, 'Luxe', 824),
(564, 'Business', 799),
(565, 'S Edition', 805),
(566, 'Ambition Suréquipé', 822),
(567, 'Finition MINI Yours', 819),
(568, 'Fascination 7-G DCT A', 809),
(569, 'Executive', 822),
(570, 'Brooklyn Edition', 820),
(571, 'Vignale', 814),
(572, 'Design Luxe', 805),
(573, 'Sportline', 822),
(574, 'S-Design', 813),
(575, 'Momentum', 821),
(576, 'Sportline Plus', 822),
(577, 'Quiksilver Edition', 820),
(578, '-', 814),
(579, '*', 813),
(580, 'Trend', 814),
(581, 'Advance', 825),
(582, 'Initia', 812),
(583, 'Active', 814),
(584, 'Forever Suréquipée', 816),
(585, 'ST-Line X Suréquipée', 814),
(586, 'Design Line 120 Ans Suréquipée', 810),
(587, 'Electrique', 808),
(588, 'Tipo', 813),
(589, 'Pack', 818),
(590, 'Bastille', 816),
(591, 'Vignale suréquipée', 814),
(592, 'Lounge Suréquipé', 799),
(593, '-', 824),
(594, 'Non spécifié', 814),
(595, 'Reference Suréquipée', 817),
(596, 'Monte-Carlo', 822),
(597, 'Launch Edition', 815),
(598, 'Design', 826),
(599, 'Trend Business', 814),
(600, 'Non spécifié', 820),
(601, 'Opera', 816),
(602, 'Intensive', 804),
(603, 'Sport', 818),
(604, 'Limited Suréquipée', 820),
(605, 'Business', 813),
(606, 'Q3', 805),
(607, 'S Line Edition Suréquipée', 805),
(608, 'Scoutline', 822),
(609, 'M', 798),
(610, 'Ultimate Style Dark', 821),
(611, 'Active', 822),
(612, 'R-design', 821),
(613, 'Titanium Suréquipée', 814),
(614, 'Initiale Paris Suréquipée', 803),
(615, 'Business Plus', 813),
(616, 'Lauréate', 800),
(617, 'Edition', 822),
(618, 'Trailhawk', 820),
(619, 'Lounge A', 799),
(620, 'M Sport X', 799),
(621, 'R-Dynamic S Suréquipée', 827),
(622, 'Fascination', 809),
(623, 'Non spécifié', 810),
(624, 'Non spécifié', 815),
(625, 'Ambition Plus', 822),
(626, 'Suréquipée', 822),
(627, 'Initiale Paris 7pl', 803),
(628, 'Top', 815),
(629, 'Xperience', 817),
(630, 'Standard', 798),
(631, 'Silver Line', 800),
(632, 'R-Dynamic Suréquipée', 827),
(633, 'Plus', 821),
(634, 'Feel Edition', 804),
(635, 'Style Line Edition Suréquipé', 809),
(636, 'Xcellence Suréquipée', 817),
(637, 'Iconic', 803),
(638, '-', 815),
(639, 'Confort', 804),
(640, '-', 802),
(641, 'Loft Pack Max', 822),
(642, 'Premium Edition', 824),
(643, 'Essentiel 7PL', 800),
(644, 'Non spécifié', 798),
(645, 'Momentum Business', 821),
(646, 'Coupe 420i 184 BVA8', 799),
(647, 'e-tron 55 quattro 408', 805),
(648, 'Suréquipé 7pl', 805),
(649, 'Starlight Edition Suréquipée', 809),
(650, 'Avantgarde Line', 809),
(651, 'Selection', 828),
(652, 'Easy', 813),
(653, '-', 808),
(654, 'Style Business', 817),
(655, 'Finition Chili', 819),
(656, 'Business', 812),
(657, '-', 809),
(658, 'Instyle', 829),
(659, 'E-up', 808),
(660, 'Atelier', 799),
(661, 'Limited EDC', 803),
(662, 'Elective', 810),
(663, 'Spin', 815),
(664, 'e-tron 50 quattro 313', 805),
(665, 'Stepway 7pl', 800),
(666, 'Série Limitée Ultimate', 808),
(667, 'Sensation suréquipée', 809),
(668, 'Connect', 808),
(669, 'Spirit', 815),
(670, 'Inscription Luxe Suréquipée', 821),
(671, 'Sportline suréquipée', 822),
(672, 'Non spécifié', 821),
(673, 'Club Suréquipée 3pl', 804),
(674, 'Active X', 814),
(675, 'Edition Business', 810),
(676, 'Competizione suréquipée', 830),
(677, 'Q5 30 TDI S tronic 7', 805),
(678, 'Elégance', 808),
(679, 'Edition 2020', 810),
(680, 'Executive', 824),
(681, 'Intense', 829),
(682, 'Cooper D', 819),
(683, 'City', 813),
(684, 'Prime', 831),
(685, 'Suréquipée', 798),
(686, 'Northwood', 819),
(687, 'Progressive', 809),
(688, 'Dynamic', 810),
(689, 'Turismo', 830),
(690, 'Drive', 822),
(691, '-', 825),
(692, 'GT Line suréquipée', 815),
(693, 'Exclusive Navi CVT', 825),
(694, 'Edition 120 ans', 810),
(695, 'Millenium Business', 804),
(696, 'Performance', 802),
(697, 'Plus', 813),
(698, 'Cooper SE Yours', 819),
(699, 'R-Sport', 827),
(700, 'Sportline', 828),
(701, 'Non spécifié', 828),
(702, 'Non spécifié', 807),
(703, 'SilverLine Suréquipée', 800),
(704, 'Sport Limited Suréquipée', 805),
(705, 'Super', 832),
(706, 'Initiate Edition', 821),
(707, 'Longstone', 819),
(708, 'Business Design Suréquipée', 799),
(709, 'N-Design', 806),
(710, 'R-design Suréquipée', 821),
(711, 'Fascination Suréquipée', 809),
(712, 'White Edition', 814),
(713, 'TI', 832),
(714, 'AMG Line suréquipé', 809),
(715, 'AMG Paket', 809),
(716, 'Bose Edition', 803),
(717, 'Business', 806),
(718, 'Silverline', 800),
(719, 'Dynamique', 828),
(720, 'Business Line Suréquipée', 805),
(721, 'Adam S Suréquipée', 810),
(722, 'Smart', 812),
(723, 'Easy suréquipée', 813),
(724, 'N-Line', 812),
(725, 'Red Hot Chili', 819),
(726, 'Cooper SE Longstone', 819),
(727, 'Lounge Plus', 799),
(728, 'passion', 831),
(729, 'Cooper', 819),
(730, 'Highline', 808),
(731, 'Fresh', 822),
(732, 'Clever', 822),
(733, 'Edition Plus', 810),
(734, 'A5 Sportback 35 TFSI 150 S tronic 7', 805),
(735, 'Pure', 831),
(736, 'Trekking Popstar', 813),
(737, 'nan', 803),
(738, 'Urban', 817),
(739, 'Business', 805),
(740, 'Premium Pack', 798),
(741, 'Exclusive Edition', 828),
(742, 'Première Suréquipée', 799);

-- --------------------------------------------------------

--
-- Table structure for table `Marque`
--

CREATE TABLE `Marque` (
  `ID_Marque` int(11) NOT NULL,
  `Nom` varchar(255) NOT NULL
) ENGINE=InnoDB DEFAULT CHARSET=utf8mb4 COLLATE=utf8mb4_general_ci;

--
-- Dumping data for table `Marque`
--

INSERT INTO `Marque` (`ID_Marque`, `Nom`) VALUES
(798, 'Peugeot'),
(799, 'BMW'),
(800, 'Dacia'),
(801, 'Tesla'),
(802, 'MG'),
(803, 'Renault'),
(804, 'Citroën'),
(805, 'Audi'),
(806, 'Nissan'),
(807, 'Toyota'),
(808, 'Volkswagen'),
(809, 'Mercedes'),
(810, 'Opel'),
(811, 'Cupra'),
(812, 'Hyundai'),
(813, 'Fiat'),
(814, 'Ford'),
(815, 'Kia'),
(816, 'DS'),
(817, 'Seat'),
(818, 'Suzuki'),
(819, 'Mini'),
(820, 'Jeep'),
(821, 'Volvo'),
(822, 'Skoda'),
(823, 'Lynk&Co'),
(824, 'Lexus'),
(825, 'Honda'),
(826, 'BYD'),
(827, 'Jaguar'),
(828, 'Mazda'),
(829, 'Mitsubishi'),
(830, 'Abarth'),
(831, 'Smart'),
(832, 'Alfa');

-- --------------------------------------------------------

--
-- Table structure for table `Modele`
--

CREATE TABLE `Modele` (
  `ID_Modele` int(11) NOT NULL,
  `Nom` varchar(255) NOT NULL,
  `Marque_ID` int(11) DEFAULT NULL
) ENGINE=InnoDB DEFAULT CHARSET=utf8mb4 COLLATE=utf8mb4_general_ci;

--
-- Dumping data for table `Modele`
--

INSERT INTO `Modele` (`ID_Modele`, `Nom`, `Marque_ID`) VALUES
(1, '2008', 798),
(2, '208', 798),
(3, 'Série 1', 799),
(4, 'Sandero', 800),
(5, 'MODEL 3', 801),
(6, 'MG4', 802),
(7, 'Clio 5', 803),
(8, '3008', 798),
(9, 'Duster', 800),
(10, 'C3 Aircross', 804),
(11, 'A1 Sportback', 805),
(12, 'C3', 804),
(13, 'Qashqai', 806),
(14, '308', 798),
(15, 'C4', 804),
(16, 'YARIS CROSS', 807),
(17, 'Zoé', 803),
(18, 'Austral', 803),
(19, 'A3 Sportback', 805),
(20, 'Captur', 803),
(21, 'Tiguan', 808),
(22, 'C-HR', 807),
(23, 'Twingo 3', 803),
(24, '5008', 798),
(25, 'C5 Aircross', 804),
(26, 'Berlingo', 804),
(27, 'Classe A', 809),
(28, 'Mokka', 810),
(29, 'Formentor', 811),
(30, 'SPRING', 800),
(31, 'Corolla Touring Sport', 807),
(32, 'Clio 4', 803),
(33, 'RAV 4', 807),
(34, 'Tucson', 812),
(35, 'Aygo X', 807),
(36, 'Golf 8', 808),
(37, 'Polo', 808),
(38, 'Mégane 4', 803),
(39, 'Arkana', 803),
(40, 'X1', 799),
(41, 'JOGGER', 800),
(42, 'Q2', 805),
(43, '500', 813),
(44, 'C4 Cactus', 804),
(45, 'Yaris', 807),
(46, 'Puma', 814),
(47, 'Corolla', 807),
(48, 'C5 X', 804),
(49, 'Sportage', 815),
(50, 'DS7 CROSSBACK', 816),
(51, 'Corsa', 810),
(52, '408', 798),
(53, 'Kadjar', 803),
(54, '308 SW', 798),
(55, 'Classe C', 809),
(56, 'T-Roc', 808),
(57, 'DS4', 816),
(58, 'RIFTER', 798),
(59, 'Arona', 817),
(60, 'Crossland', 810),
(61, 'T-CROSS', 808),
(62, 'Kona', 812),
(63, 'Picanto', 815),
(64, 'S-CROSS', 818),
(65, 'Juke', 806),
(66, 'Mini', 819),
(67, 'MODEL X', 801),
(68, 'Ibiza', 817),
(69, 'X-Trail', 806),
(70, 'Grand Scénic 4', 803),
(71, 'Renegade', 820),
(72, 'Kuga', 814),
(73, 'XC40', 821),
(74, 'S8', 805),
(75, 'Stonic', 815),
(76, 'DS3 Crossback', 816),
(77, 'X2', 799),
(78, '500X', 813),
(79, 'Golf 7', 808),
(80, 'C4 SPACETOURER', 804),
(81, 'Série 2 Active Tourer', 799),
(82, 'Crossland X', 810),
(83, 'Fiesta', 814),
(84, 'Niro', 815),
(85, '508', 798),
(86, 'C4 X', 804),
(87, 'X3', 799),
(88, '508 SW', 798),
(89, 'Q3', 805),
(90, '108', 798),
(91, 'EQA', 809),
(92, 'A4 Avant', 805),
(93, 'Karoq', 822),
(94, 'Corolla Touring Sports', 807),
(95, '500C', 813),
(96, 'Grand C4 Spacetourer', 804),
(97, 'GLA', 809),
(98, 'LEON', 811),
(99, 'KAMIQ', 822),
(100, 'Scénic 4', 803),
(101, '01', 823),
(102, 'E-TRON SPORTBACK', 805),
(103, 'Compass', 820),
(104, 'Focus', 814),
(105, 'TAIGO', 808),
(106, 'Q3 Sportback', 805),
(107, 'ZS', 802),
(108, 'Leon', 817),
(109, 'DS3', 816),
(110, 'Tipo', 813),
(111, 'Grandland X', 810),
(112, 'BAYON', 812),
(113, 'Vitara', 818),
(114, 'Kangoo', 803),
(115, 'Touran', 808),
(116, 'UX', 824),
(117, 'EHS', 802),
(118, 'Micra', 806),
(119, 'ZR-V', 825),
(120, 'Grandland', 810),
(121, 'Up', 808),
(122, 'Ignis', 818),
(123, 'Ateca', 817),
(124, 'Fabia', 822),
(125, 'Swift', 818),
(126, 'Atto 3', 826),
(127, 'DS7', 816),
(128, 'Astra', 810),
(129, 'Talisman', 803),
(130, 'Mégane 5', 803),
(131, 'C4 Picasso', 804),
(132, 'Expert Fourgon', 798),
(133, 'XC60', 821),
(134, 'C1', 804),
(135, 'Espace 5', 803),
(136, 'GLB', 809),
(137, 'Leon Sportstourer', 811),
(138, 'Logan MCV', 800),
(139, 'Mégane 4 Estate', 803),
(140, 'Ceed', 815),
(141, 'Kona Hybrid', 812),
(142, 'E-Pace', 827),
(143, 'CLA', 809),
(144, 'E-Golf ELECTRIQUE', 808),
(145, 'Xceed', 815),
(146, 'Leon Sportstourer', 817),
(147, 'ENYAQ', 822),
(148, 'Ecosport', 814),
(149, 'Passat SW', 808),
(150, 'Lodgy', 800),
(151, 'EX30', 821),
(152, 'i40 SW', 812),
(153, 'Focus SW', 814),
(154, 'C4 Aircross', 804),
(155, 'Classe B', 809),
(156, 'Mégane E-TECH', 803),
(157, 'Panda', 813),
(158, 'Kodiaq', 822),
(159, 'Clubman', 819),
(160, 'Tiguan Allspace', 808),
(161, 'Corolla Sw', 807),
(162, 'Série 4 Coupé', 799),
(163, 'SQ7', 805),
(164, 'CLA Shooting Brake', 809),
(165, 'Astra Sports Tourer', 810),
(166, 'Octavia Combi', 822),
(167, 'CX-5', 828),
(168, 'Série 4', 799),
(169, 'E-Soul', 815),
(170, 'Rio', 815),
(171, 'Sharan', 808),
(172, 'Ioniq', 812),
(173, 'DS 3 ELECTRIQUE', 816),
(174, 'ECLIPSE CROSS', 829),
(175, 'HR-V', 825),
(176, 'I3', 799),
(177, 'Tipo SW', 813),
(178, 'Scirocco', 808),
(179, 'Leaf', 806),
(180, 'Golf SW', 808),
(181, 'A5 Sportback', 805),
(182, 'JUMPY FOURGON', 804),
(183, 'INSIGNIA GRAND SPORT', 810),
(184, '595C', 830),
(185, 'Q5', 805),
(186, 'Superb', 822),
(187, 'LS', 824),
(188, 'Koleos', 803),
(189, 'DS5', 816),
(190, 'S-Max', 814),
(191, 'Fortwo Coupé', 831),
(192, 'Golf 8 SW', 808),
(193, 'Talisman Estate', 803),
(194, 'Octavia', 822),
(195, 'Partner Fourgon', 798),
(196, 'Countryman', 819),
(197, 'Mokka X', 810),
(198, 'EV6', 815),
(199, 'C4 Société', 804),
(200, 'XC90', 821),
(201, 'A7 Sportback', 805),
(202, 'Grand C4 Picasso', 804),
(203, 'Clio', 803),
(204, 'MARVEL R', 802),
(205, 'Série 3 Touring', 799),
(206, 'Tipo Cross', 813),
(207, 'i30', 812),
(208, '500L', 813),
(209, 'XE', 827),
(210, 'CX-30', 828),
(211, 'TIPO Station Wagon', 813),
(212, 'Proace Verso', 807),
(213, 'A3 Berline', 805),
(214, 'Romeo Stelvio', 832),
(215, 'V40', 821),
(216, 'Master Fourgon', 803),
(217, 'KA+', 814),
(218, 'Romeo Tonale', 832),
(219, 'C-ZERO', 804),
(220, 'Série 3', 799),
(221, 'Scenic 3', 803),
(222, 'CX-3', 828),
(223, 'Adam', 810),
(224, 'CT', 824),
(225, 'Classe C Break', 809),
(226, 'X4', 799),
(227, 'Mini countryman', 819),
(228, 'Fabia Combi', 822),
(229, 'C-Max', 814),
(230, 'FORFOUR', 831),
(231, 'Scala', 822),
(232, 'Série 5', 799),
(233, 'Mondeo', 814),
(234, 'Outlander', 829),
(235, 'Golf Sportsvan', 808),
(236, 'i20', 812),
(237, '500 L', 813),
(238, 'Karl', 810),
(239, 'Série 5 Touring', 799),
(240, 'Fortwo EQ', 831),
(241, 'Golf 7 SW', 808),
(242, 'Twizy', 803),
(243, 'TT', 805),
(244, 'Tarraco', 817),
(245, 'FORTWO', 831),
(246, 'A6 Avant', 805),
(247, '208 AFFAIRE', 798),
(248, 'NX 300h', 824),
(249, 'Grand Cherokee', 820),
(250, 'Arteon Shooting Brake', 808),
(251, 'A1', 805),
(252, 'Twingo', 803),
(253, 'i30 Fastback', 812),
(254, 'Mazda 2', 828),
(255, 'Série 2 coupé', 799),
(256, 'Série 2 Gran Tourer', 799),
(257, 'Santa Fe', 812),
(258, 'A4', 805),
(259, 'Classe E', 809),
(260, 'MX-5', 828);

-- --------------------------------------------------------

--
-- Table structure for table `Transmission`
--

CREATE TABLE `Transmission` (
  `ID_Transmission` int(11) NOT NULL,
  `Type` varchar(255) NOT NULL
) ENGINE=InnoDB DEFAULT CHARSET=utf8mb4 COLLATE=utf8mb4_general_ci;

--
-- Dumping data for table `Transmission`
--

INSERT INTO `Transmission` (`ID_Transmission`, `Type`) VALUES
(1, 'Auto'),
(2, 'Manuelle');

-- --------------------------------------------------------

--
-- Table structure for table `Users`
--

CREATE TABLE `Users` (
  `ID_User` int(11) NOT NULL,
  `Email` varchar(255) NOT NULL,
  `Nom` varchar(255) NOT NULL,
  `Password` varchar(255) NOT NULL,
  `Is_Active` tinyint(1) NOT NULL DEFAULT 1,
  `Is_Superuser` tinyint(1) NOT NULL DEFAULT 0,
  `Profile_Image` varchar(255) DEFAULT NULL
) ENGINE=InnoDB DEFAULT CHARSET=utf8mb4 COLLATE=utf8mb4_general_ci;

-- --------------------------------------------------------

--
-- Table structure for table `Vehicule`
--

CREATE TABLE `Vehicule` (
  `ID_Vehicule` int(11) NOT NULL,
  `Annee` int(11) DEFAULT NULL,
  `Kilometrage` float DEFAULT NULL,
  `Prix` float DEFAULT NULL,
  `Etat` varchar(255) DEFAULT NULL,
  `Marque_ID` int(11) NOT NULL,
  `Modele_ID` int(11) NOT NULL,
  `Finition_ID` int(11) NOT NULL,
  `Carburant_ID` int(11) NOT NULL,
  `Transmission_ID` int(11) NOT NULL
) ENGINE=InnoDB DEFAULT CHARSET=utf8mb4 COLLATE=utf8mb4_general_ci;

--
-- Dumping data for table `Vehicule`
--

INSERT INTO `Vehicule` (`ID_Vehicule`, `Annee`, `Kilometrage`, `Prix`, `Etat`, `Marque_ID`, `Modele_ID`, `Finition_ID`, `Carburant_ID`, `Transmission_ID`) VALUES
(1, 2024, 8702, 23399, 'Occasion', 798, 1, 193, 1, 1),
(2, 2023, 20, 26999, 'Occasion', 798, 2, 194, 2, 1),
(3, 2020, 43586, 16999, 'Occasion', 798, 1, 195, 2, 1),
(4, 2020, 38540, 12999, 'Occasion', 798, 2, 193, 1, 2),
(5, 2023, 27628, 27999, 'Occasion', 799, 3, 196, 1, 1),
(6, 2023, 8587, 14499, 'Occasion', 800, 4, 197, 3, 2),
(7, 2021, 13446, 30499, 'Occasion', 801, 5, 198, 2, 1),
(8, 2023, 29382, 21999, 'Occasion', 802, 6, 199, 2, 1),
(9, 2020, 21055, 15999, 'Occasion', 798, 2, 200, 2, 1),
(10, 2023, 10909, 24699, 'Occasion', 798, 1, 194, 2, 1),
(11, 2023, 13835, 20999, 'Occasion', 803, 7, 201, 4, 1),
(12, 2022, 28046, 19499, 'Occasion', 798, 1, 202, 1, 1),
(13, 2023, 817, 40999, 'Occasion', 798, 8, 194, 5, 1),
(14, 2023, 21846, 24499, 'Occasion', 800, 9, 203, 1, 1),
(15, 2024, 2025, 26999, 'Occasion', 798, 1, 193, 6, 2),
(16, 2019, 47855, 9499, 'Occasion', 798, 2, 204, 1, 2),
(17, 2023, 23472, 17599, 'Occasion', 804, 10, 205, 1, 2),
(18, 2023, 12065, 28499, 'Occasion', 805, 11, 206, 1, 1),
(19, 2020, 84001, 12999, 'Occasion', 798, 1, 200, 1, 2),
(20, 2021, 47813, 15499, 'Occasion', 798, 2, 207, 7, 2),
(21, 2024, 8544, 24999, 'Occasion', 798, 1, 194, 1, 1),
(22, 2017, 59530, 8999, 'Occasion', 804, 12, 208, 1, 2),
(23, 2016, 47240, 14499, 'Occasion', 806, 13, 209, 1, 1),
(24, 2019, 56255, 11999, 'Occasion', 798, 2, 195, 1, 2),
(25, 2023, 5291, 16899, 'Occasion', 798, 2, 202, 1, 2),
(26, 2024, 2910, 27299, 'Occasion', 798, 1, 193, 6, 2),
(27, 2017, 142416, 8999, 'Occasion', 798, 2, 200, 7, 2),
(28, 2023, 1668, 18499, 'Occasion', 798, 2, 210, 1, 1),
(29, 2024, 10100, 27499, 'Occasion', 798, 14, 193, 7, 1),
(30, 2019, 42162, 15999, 'Occasion', 798, 1, 195, 7, 1),
(31, 2024, 9611, 23399, 'Occasion', 798, 1, 193, 1, 1),
(32, 2020, 85574, 12699, 'Occasion', 803, 7, 211, 7, 2),
(33, 2017, 99625, 8999, 'Occasion', 804, 15, 212, 1, 2),
(34, 2023, 24400, 22999, 'Occasion', 807, 16, 213, 4, 1),
(35, 2020, 38878, 16999, 'Occasion', 798, 2, 207, 2, 1),
(36, 2023, 17302, 30999, 'Occasion', 798, 8, 214, 5, 1),
(37, 2018, 46669, 12499, 'Occasion', 798, 1, 193, 1, 1),
(38, 2019, 86055, 9799, 'Occasion', 804, 12, 215, 1, 2),
(39, 2021, 6303, 21499, 'Occasion', 798, 1, 194, 1, 1),
(40, 2019, 42907, 16999, 'Occasion', 800, 9, 216, 7, 2),
(41, 2021, 17460, 18499, 'Occasion', 798, 2, 217, 2, 1),
(42, 2015, 43984, 6699, 'Occasion', 803, 17, 218, 2, 1),
(43, 2018, 48122, 9999, 'Occasion', 798, 2, 219, 1, 2),
(44, 2021, 64302, 20499, 'Occasion', 798, 1, 194, 7, 1),
(45, 2023, 15655, 28999, 'Occasion', 803, 18, 201, 6, 2),
(46, 2024, 6208, 29399, 'Occasion', 798, 8, 202, 4, 1),
(47, 2022, 8040, 18999, 'Occasion', 798, 1, 220, 1, 1),
(48, 2023, 10, 29999, 'Occasion', 798, 8, 220, 7, 1),
(49, 2020, 28825, 14299, 'Occasion', 798, 1, 200, 1, 2),
(50, 2024, 21158, 27999, 'Occasion', 798, 8, 202, 6, 1),
(51, 2024, 18469, 22799, 'Occasion', 798, 1, 193, 1, 1),
(52, 2021, 26000, 31999, 'Occasion', 805, 19, 221, 5, 1),
(53, 2019, 58070, 10499, 'Occasion', 798, 1, 210, 1, 2),
(54, 2020, 39960, 21499, 'Occasion', 798, 1, 222, 7, 1),
(55, 2021, 77777, 19999, 'Occasion', 798, 1, 195, 7, 1),
(56, 2023, 7090, 15299, 'Occasion', 798, 2, 220, 1, 2),
(57, 2020, 27040, 18599, 'Occasion', 803, 20, 223, 1, 1),
(58, 2021, 74980, 14799, 'Occasion', 798, 8, 220, 1, 2),
(59, 2020, 75512, 13999, 'Occasion', 798, 1, 224, 1, 2),
(60, 2017, 83584, 9999, 'Occasion', 798, 1, 193, 1, 2),
(61, 2024, 3133, 25999, 'Occasion', 807, 16, 213, 4, 1),
(62, 2024, 5760, 25499, 'Occasion', 803, 7, 225, 4, 1),
(63, 2023, 6636, 29999, 'Occasion', 798, 1, 194, 2, 1),
(64, 2021, 15051, 18999, 'Occasion', 798, 2, 194, 2, 1),
(65, 2020, 73250, 19999, 'Occasion', 798, 8, 195, 7, 1),
(66, 2023, 26366, 30499, 'Occasion', 798, 8, 217, 7, 1),
(67, 2021, 35385, 20999, 'Occasion', 798, 1, 226, 2, 1),
(68, 2021, 27976, 13699, 'Occasion', 803, 7, 227, 1, 2),
(69, 2023, 39105, 19999, 'Occasion', 798, 1, 202, 1, 1),
(70, 2023, 250, 24699, 'Occasion', 798, 2, 214, 2, 1),
(71, 2021, 52071, 16999, 'Occasion', 798, 1, 228, 1, 1),
(72, 2024, 5997, 23399, 'Occasion', 798, 1, 193, 1, 1),
(73, 2023, 20, 26999, 'Occasion', 798, 2, 194, 2, 1),
(74, 2021, 64620, 17799, 'Occasion', 798, 1, 222, 2, 1),
(75, 2020, 39258, 15999, 'Occasion', 798, 2, 195, 2, 1),
(76, 2024, 2640, 22799, 'Occasion', 798, 1, 195, 1, 1),
(77, 2023, 29635, 24499, 'Occasion', 798, 1, 214, 7, 1),
(78, 2019, 55280, 13999, 'Occasion', 798, 1, 229, 1, 1),
(79, 2023, 14297, 22399, 'Occasion', 798, 8, 202, 1, 2),
(80, 2020, 47572, 21499, 'Occasion', 798, 1, 224, 7, 1),
(81, 2021, 39520, 13499, 'Occasion', 798, 2, 220, 1, 2),
(82, 2023, 12054, 15999, 'Occasion', 798, 2, 193, 1, 2),
(83, 2023, 11573, 24799, 'Occasion', 798, 2, 194, 2, 1),
(84, 2023, 1300, 16999, 'Occasion', 798, 2, 193, 1, 2),
(85, 2020, 45570, 11399, 'Occasion', 798, 2, 200, 1, 2),
(86, 2024, 12047, 17999, 'Occasion', 803, 7, 201, 1, 2),
(87, 2020, 35383, 16499, 'Occasion', 798, 2, 224, 1, 1),
(88, 2023, 40959, 17499, 'Occasion', 798, 2, 202, 1, 1),
(89, 2019, 75942, 9299, 'Occasion', 804, 12, 208, 1, 2),
(90, 2015, 62703, 15499, 'Occasion', 808, 21, 230, 7, 2),
(91, 2018, 22429, 12999, 'Occasion', 804, 12, 208, 1, 1),
(92, 2018, 47185, 18499, 'Occasion', 807, 22, 231, 4, 1),
(93, 2020, 65760, 15999, 'Occasion', 798, 1, 195, 1, 1),
(94, 2024, 6839, 20499, 'Occasion', 798, 1, 193, 1, 2),
(95, 2018, 54232, 12999, 'Occasion', 798, 2, 232, 7, 2),
(96, 2023, 33795, 16999, 'Occasion', 798, 1, 210, 1, 2),
(97, 2019, 85778, 9299, 'Occasion', 798, 2, 193, 1, 2),
(98, 2021, 63104, 14999, 'Occasion', 798, 2, 207, 7, 2),
(99, 2016, 62802, 13399, 'Occasion', 798, 1, 233, 7, 2),
(100, 2016, 92390, 9999, 'Occasion', 798, 1, 210, 1, 2),
(101, 2019, 73573, 12999, 'Occasion', 798, 1, 219, 7, 2),
(102, 2020, 56070, 9799, 'Occasion', 800, 4, 234, 1, 2),
(103, 2023, 16949, 15999, 'Occasion', 798, 2, 195, 1, 2),
(104, 2017, 62302, 11999, 'Occasion', 798, 1, 235, 1, 1),
(105, 2024, 10672, 23399, 'Occasion', 798, 1, 193, 1, 1),
(106, 2021, 30975, 19499, 'Occasion', 803, 20, 236, 4, 1),
(107, 2020, 112965, 15299, 'Occasion', 798, 1, 224, 7, 2),
(108, 2023, 13526, 26999, 'Occasion', 798, 8, 202, 6, 1),
(109, 2021, 19628, 13899, 'Occasion', 803, 7, 227, 1, 2),
(110, 2020, 48450, 11999, 'Occasion', 798, 2, 193, 1, 2),
(111, 2019, 46988, 9999, 'Occasion', 798, 2, 219, 1, 2),
(112, 2024, 17853, 19299, 'Occasion', 798, 1, 195, 1, 2),
(113, 2023, 4484, 20799, 'Occasion', 798, 2, 194, 1, 1),
(114, 2019, 119555, 14799, 'Occasion', 798, 8, 193, 7, 2),
(115, 2024, 10933, 24599, 'Occasion', 798, 1, 194, 1, 1),
(116, 2020, 95425, 14999, 'Occasion', 803, 7, 237, 7, 2),
(117, 2024, 5720, 23399, 'Occasion', 798, 1, 193, 1, 1),
(118, 2021, 85510, 31699, 'Occasion', 801, 5, 238, 2, 1),
(119, 2024, 6778, 20499, 'Occasion', 798, 1, 193, 1, 2),
(120, 2021, 3706, 23399, 'Occasion', 798, 8, 194, 1, 2),
(121, 2017, 64665, 12999, 'Occasion', 798, 1, 193, 7, 2),
(122, 2019, 84358, 16999, 'Occasion', 798, 1, 217, 1, 1),
(123, 2022, 29230, 10499, 'Occasion', 803, 23, 218, 2, 1),
(124, 2018, 59385, 14999, 'Occasion', 803, 20, 227, 7, 1),
(125, 2020, 29664, 16999, 'Occasion', 798, 1, 224, 1, 2),
(126, 2021, 21596, 17999, 'Occasion', 798, 2, 239, 2, 1),
(127, 2024, 4198, 22799, 'Occasion', 798, 1, 193, 1, 1),
(128, 2022, 21277, 25999, 'Occasion', 798, 8, 193, 5, 1),
(129, 2020, 38090, 32499, 'Occasion', 801, 5, 198, 2, 1),
(130, 2023, 8075, 20399, 'Occasion', 798, 2, 193, 2, 1),
(131, 2018, 36113, 9599, 'Occasion', 798, 2, 204, 1, 2),
(132, 2020, 97316, 13499, 'Occasion', 798, 2, 195, 7, 2),
(133, 2024, 7694, 16499, 'Occasion', 798, 2, 193, 1, 2),
(134, 2021, 77487, 19299, 'Occasion', 798, 1, 222, 7, 1),
(135, 2024, 5056, 19499, 'Occasion', 798, 1, 200, 1, 2),
(136, 2022, 23257, 17799, 'Occasion', 803, 7, 240, 1, 2),
(137, 2021, 44203, 17999, 'Occasion', 798, 2, 194, 2, 1),
(138, 2022, 28753, 26699, 'Occasion', 798, 1, 202, 7, 1),
(139, 2019, 46300, 15499, 'Occasion', 798, 8, 224, 1, 2),
(140, 2016, 78710, 10299, 'Occasion', 798, 1, 233, 1, 2),
(141, 2022, 40175, 13799, 'Occasion', 798, 2, 195, 1, 2),
(142, 2018, 80515, 10199, 'Occasion', 798, 1, 210, 1, 2),
(143, 2023, 12948, 21399, 'Occasion', 798, 2, 194, 1, 1),
(144, 2020, 43395, 18999, 'Occasion', 798, 1, 224, 1, 1),
(145, 2022, 27289, 27099, 'Occasion', 798, 1, 202, 7, 1),
(146, 2023, 18255, 19499, 'Occasion', 803, 7, 237, 1, 2),
(147, 2020, 46884, 16299, 'Occasion', 798, 1, 224, 1, 2),
(148, 2019, 50765, 12999, 'Occasion', 798, 1, 193, 1, 1),
(149, 2018, 50005, 12499, 'Occasion', 798, 1, 193, 1, 1),
(150, 2023, 50850, 19499, 'Occasion', 798, 1, 202, 1, 1),
(151, 2017, 93201, 11499, 'Occasion', 798, 1, 210, 7, 2),
(152, 2020, 73941, 15499, 'Occasion', 798, 1, 195, 1, 1),
(153, 2017, 96125, 14999, 'Occasion', 798, 24, 193, 1, 2),
(154, 2020, 69769, 11299, 'Occasion', 798, 2, 207, 1, 2),
(155, 2021, 92388, 16999, 'Occasion', 798, 1, 217, 1, 1),
(156, 2019, 101051, 10999, 'Occasion', 798, 2, 207, 7, 2),
(157, 2019, 53281, 11999, 'Occasion', 798, 1, 193, 1, 2),
(158, 2024, 25769, 26999, 'Occasion', 798, 8, 202, 6, 1),
(159, 2023, 34805, 17799, 'Occasion', 798, 2, 202, 1, 1),
(160, 2023, 28767, 22799, 'Occasion', 798, 1, 193, 1, 1),
(161, 2023, 16495, 18999, 'Occasion', 798, 2, 202, 1, 1),
(162, 2023, 16173, 22399, 'Occasion', 798, 8, 202, 1, 2),
(163, 2022, 26302, 18999, 'Occasion', 798, 1, 210, 1, 1),
(164, 2024, 4310, 32999, 'Occasion', 798, 8, 194, 6, 1),
(165, 2019, 128330, 15699, 'Occasion', 798, 8, 241, 7, 1),
(166, 2021, 6875, 19999, 'Occasion', 803, 7, 223, 4, 1),
(167, 2023, 11249, 16399, 'Occasion', 798, 2, 193, 1, 2),
(168, 2019, 42541, 14499, 'Occasion', 798, 1, 224, 1, 1),
(169, 2023, 37693, 18799, 'Occasion', 798, 2, 202, 7, 2),
(170, 2023, 11505, 26499, 'Occasion', 798, 8, 194, 1, 1),
(171, 2024, 8261, 17199, 'Occasion', 798, 2, 193, 1, 2),
(172, 2019, 76030, 12799, 'Occasion', 798, 1, 242, 7, 2),
(173, 2016, 63620, 13799, 'Occasion', 800, 9, 243, 1, 2),
(174, 2019, 87755, 13299, 'Occasion', 798, 1, 224, 7, 2),
(175, 2020, 73695, 17999, 'Occasion', 798, 1, 224, 7, 2),
(176, 2024, 16737, 19499, 'Occasion', 798, 1, 195, 1, 2),
(177, 2018, 109625, 12699, 'Occasion', 800, 9, 244, 7, 2),
(178, 2021, 67560, 19499, 'Occasion', 798, 1, 194, 7, 2),
(179, 2023, 28612, 16799, 'Occasion', 803, 7, 201, 1, 2),
(180, 2021, 39031, 13599, 'Occasion', 798, 2, 193, 1, 2),
(181, 2021, 51666, 16799, 'Occasion', 798, 1, 214, 1, 2),
(182, 2022, 54529, 14999, 'Occasion', 798, 2, 226, 1, 2),
(183, 2020, 78177, 19499, 'Occasion', 798, 1, 193, 7, 1),
(184, 2024, 5939, 23399, 'Occasion', 798, 1, 193, 1, 1),
(185, 2023, 13841, 20499, 'Occasion', 798, 2, 194, 7, 2),
(186, 2024, 5625, 17999, 'Occasion', 798, 2, 193, 1, 2),
(187, 2017, 145135, 14999, 'Occasion', 798, 8, 193, 7, 1),
(188, 2023, 15984, 18999, 'Occasion', 798, 2, 202, 1, 1),
(189, 2020, 39925, 10999, 'Occasion', 804, 12, 245, 1, 2),
(190, 2024, 14340, 28499, 'Occasion', 798, 8, 214, 6, 1),
(191, 2021, 36564, 13999, 'Occasion', 798, 2, 202, 1, 2),
(192, 2021, 45761, 15599, 'Occasion', 798, 1, 200, 1, 2),
(193, 2024, 13107, 23999, 'Occasion', 798, 8, 202, 1, 2),
(194, 2022, 47460, 17499, 'Occasion', 798, 2, 200, 2, 1),
(195, 2023, 51055, 17499, 'Occasion', 798, 2, 202, 7, 2),
(196, 2020, 68331, 15999, 'Occasion', 798, 1, 224, 1, 2),
(197, 2021, 50113, 18699, 'Occasion', 798, 1, 195, 1, 1),
(198, 2020, 81260, 15799, 'Occasion', 798, 2, 224, 7, 2),
(199, 2022, 65615, 17799, 'Occasion', 798, 1, 217, 1, 2),
(200, 2019, 115047, 10999, 'Occasion', 798, 1, 222, 1, 2),
(201, 2017, 60555, 9799, 'Occasion', 798, 2, 246, 1, 2),
(202, 2016, 10270, 13399, 'Occasion', 800, 4, 247, 1, 1),
(203, 2020, 71564, 14499, 'Occasion', 798, 1, 193, 1, 2),
(204, 2020, 42985, 14999, 'Occasion', 798, 1, 242, 1, 2),
(205, 2023, 17555, 21499, 'Occasion', 798, 8, 248, 1, 2),
(206, 2018, 92375, 13499, 'Occasion', 798, 8, 200, 1, 1),
(207, 2020, 38357, 15999, 'Occasion', 798, 1, 195, 1, 2),
(208, 2022, 53220, 17999, 'Occasion', 798, 1, 194, 1, 2),
(209, 2022, 32374, 15999, 'Occasion', 798, 1, 246, 1, 2),
(210, 2020, 46855, 15999, 'Occasion', 798, 1, 249, 1, 2),
(211, 2023, 33325, 18499, 'Occasion', 798, 2, 202, 7, 2),
(212, 2018, 51600, 12799, 'Occasion', 798, 1, 233, 1, 2),
(213, 2021, 11413, 14499, 'Occasion', 798, 2, 228, 1, 2),
(214, 2023, 33589, 18499, 'Occasion', 798, 2, 202, 7, 2),
(215, 2019, 25883, 10999, 'Occasion', 798, 2, 219, 1, 2),
(216, 2024, 6916, 23999, 'Occasion', 798, 1, 193, 1, 1),
(217, 2021, 75370, 11699, 'Occasion', 804, 12, 208, 7, 2),
(218, 2020, 50070, 16299, 'Occasion', 798, 1, 224, 1, 2),
(219, 2021, 60679, 14999, 'Occasion', 798, 1, 222, 1, 2),
(220, 2017, 24867, 10299, 'Occasion', 798, 2, 246, 1, 2),
(221, 2023, 9177, 30999, 'Occasion', 804, 25, 215, 5, 1),
(222, 2023, 10, 24899, 'Occasion', 798, 2, 214, 2, 1),
(223, 2017, 114385, 11499, 'Occasion', 798, 2, 193, 7, 2),
(224, 2020, 35410, 15499, 'Occasion', 798, 1, 220, 1, 2),
(225, 2021, 50906, 17999, 'Occasion', 798, 1, 195, 1, 1),
(226, 2021, 62960, 21999, 'Occasion', 798, 8, 202, 7, 1),
(227, 2019, 37350, 13999, 'Occasion', 798, 1, 195, 1, 2),
(228, 2022, 38540, 16999, 'Occasion', 798, 1, 202, 1, 2),
(229, 2023, 36798, 18499, 'Occasion', 798, 2, 202, 7, 2),
(230, 2023, 43939, 17499, 'Occasion', 798, 2, 202, 1, 1),
(231, 2021, 18760, 15999, 'Occasion', 798, 1, 210, 1, 2),
(232, 2021, 62780, 12499, 'Occasion', 798, 2, 193, 1, 2),
(233, 2020, 50340, 15499, 'Occasion', 798, 1, 193, 1, 2),
(234, 2024, 12876, 23999, 'Occasion', 798, 1, 193, 1, 1),
(235, 2019, 57647, 13299, 'Occasion', 798, 1, 193, 1, 1),
(236, 2022, 20625, 20999, 'Occasion', 798, 1, 250, 1, 1),
(237, 2023, 18022, 23699, 'Occasion', 798, 1, 193, 1, 1),
(238, 2019, 64536, 12499, 'Occasion', 798, 1, 195, 1, 2),
(239, 2022, 29263, 19499, 'Occasion', 798, 1, 193, 1, 1),
(240, 2019, 74360, 13899, 'Occasion', 798, 1, 200, 7, 2),
(241, 2022, 50415, 16999, 'Occasion', 798, 2, 194, 1, 1),
(242, 2022, 55708, 17999, 'Occasion', 798, 1, 194, 1, 2),
(243, 2023, 47839, 15999, 'Occasion', 798, 2, 194, 1, 2),
(244, 2022, 58160, 17999, 'Occasion', 798, 1, 251, 1, 2),
(245, 2020, 42204, 19999, 'Occasion', 798, 1, 235, 1, 1),
(246, 2021, 57215, 18799, 'Occasion', 798, 1, 226, 1, 1),
(247, 2021, 44853, 15999, 'Occasion', 798, 1, 202, 1, 2),
(248, 2019, 57733, 9699, 'Occasion', 798, 2, 219, 1, 2),
(249, 2021, 57750, 18499, 'Occasion', 798, 1, 195, 1, 1),
(250, 2023, 20519, 18499, 'Occasion', 798, 2, 193, 1, 1),
(251, 2021, 51966, 15499, 'Occasion', 798, 1, 193, 1, 2),
(252, 2020, 62535, 16999, 'Occasion', 798, 1, 194, 1, 2),
(253, 2020, 30471, 14699, 'Occasion', 798, 2, 224, 1, 2),
(254, 2023, 23600, 21999, 'Occasion', 798, 1, 202, 1, 1),
(255, 2020, 83338, 15799, 'Occasion', 798, 1, 224, 1, 2),
(256, 2023, 13549, 23399, 'Occasion', 798, 8, 194, 1, 2),
(257, 2024, 12748, 19499, 'Occasion', 798, 1, 200, 1, 2),
(258, 2023, 10223, 18999, 'Occasion', 798, 2, 194, 1, 2),
(259, 2023, 15, 24499, 'Occasion', 804, 26, 252, 2, 1),
(260, 2020, 17877, 14999, 'Occasion', 798, 2, 224, 1, 2),
(261, 2023, 12587, 23973, 'Occasion', 798, 1, 193, 1, 1),
(262, 2021, 55488, 15299, 'Occasion', 798, 1, 193, 1, 2),
(263, 2020, 105397, 18199, 'Occasion', 798, 1, 193, 7, 1),
(264, 2021, 44498, 13599, 'Occasion', 798, 2, 193, 1, 2),
(265, 2023, 11122, 27999, 'Occasion', 798, 14, 194, 2, 1),
(266, 2021, 40172, 15499, 'Occasion', 803, 7, 223, 1, 2),
(267, 2019, 71970, 14999, 'Occasion', 798, 1, 253, 1, 2),
(268, 2022, 58110, 17999, 'Occasion', 798, 1, 217, 1, 2),
(269, 2021, 11350, 19999, 'Occasion', 798, 1, 214, 1, 1),
(270, 2023, 52708, 19499, 'Occasion', 798, 1, 193, 1, 1),
(271, 2021, 36540, 15999, 'Occasion', 798, 1, 249, 1, 2),
(272, 2023, 16634, 19999, 'Occasion', 798, 1, 193, 1, 2),
(273, 2023, 38469, 17299, 'Occasion', 798, 2, 202, 1, 1),
(274, 2023, 31300, 17499, 'Occasion', 798, 2, 194, 1, 1),
(275, 2016, 97715, 9299, 'Occasion', 798, 14, 200, 1, 2),
(276, 2023, 10085, 26599, 'Occasion', 798, 8, 194, 1, 1),
(277, 2022, 18130, 17999, 'Occasion', 798, 2, 202, 1, 1),
(278, 2022, 77794, 18199, 'Occasion', 798, 1, 220, 7, 2),
(279, 2018, 70709, 16499, 'Occasion', 798, 8, 222, 1, 1),
(280, 2022, 13052, 22099, 'Occasion', 798, 2, 226, 1, 1),
(281, 2017, 117960, 11499, 'Occasion', 798, 8, 193, 1, 2),
(282, 2019, 63590, 15299, 'Occasion', 803, 20, 223, 1, 1),
(283, 2018, 60930, 10499, 'Occasion', 798, 1, 193, 1, 2),
(284, 2023, 30181, 30499, 'Occasion', 798, 8, 202, 5, 1),
(285, 2020, 106512, 13299, 'Occasion', 798, 2, 207, 7, 2),
(286, 2023, 22454, 23499, 'Occasion', 803, 20, 254, 6, 1),
(287, 2022, 17179, 15499, 'Occasion', 798, 2, 194, 1, 2),
(288, 2023, 11884, 16399, 'Occasion', 804, 10, 255, 1, 2),
(289, 2024, 16627, 33499, 'Occasion', 798, 8, 202, 5, 1),
(290, 2023, 40750, 15999, 'Occasion', 798, 2, 194, 1, 2),
(291, 2020, 17491, 18399, 'Occasion', 798, 2, 193, 1, 1),
(292, 2022, 26220, 29299, 'Occasion', 798, 8, 217, 7, 1),
(293, 2023, 42695, 14999, 'Occasion', 804, 12, 215, 1, 1),
(294, 2024, 12495, 17999, 'Occasion', 798, 2, 193, 1, 2),
(295, 2020, 25076, 21999, 'Occasion', 798, 8, 235, 1, 1),
(296, 2021, 46211, 13799, 'Occasion', 798, 2, 226, 1, 2),
(297, 2024, 9263, 17499, 'Occasion', 798, 2, 193, 1, 2),
(298, 2023, 13252, 20999, 'Occasion', 803, 20, 254, 6, 2),
(299, 2019, 40051, 10799, 'Occasion', 798, 2, 219, 1, 2),
(300, 2023, 33657, 17799, 'Occasion', 798, 2, 202, 1, 1),
(301, 2023, 150, 24499, 'Occasion', 798, 2, 214, 2, 1),
(302, 2017, 118892, 12999, 'Occasion', 803, 20, 223, 7, 1),
(303, 2023, 36930, 15999, 'Occasion', 798, 2, 194, 1, 2),
(304, 2023, 14796, 15999, 'Occasion', 798, 2, 193, 1, 2),
(305, 2022, 10793, 15199, 'Occasion', 798, 2, 202, 1, 2),
(306, 2021, 22474, 14299, 'Occasion', 798, 2, 202, 1, 2),
(307, 2023, 12599, 24799, 'Occasion', 807, 22, 256, 4, 1),
(308, 2021, 83761, 18999, 'Occasion', 798, 8, 207, 7, 1),
(309, 2018, 66634, 15499, 'Occasion', 798, 8, 193, 1, 1),
(310, 2020, 36955, 12999, 'Occasion', 798, 2, 207, 1, 2),
(311, 2024, 11980, 17999, 'Occasion', 798, 2, 193, 1, 2),
(312, 2019, 30372, 22999, 'Occasion', 809, 27, 257, 1, 2),
(313, 2020, 41770, 12999, 'Occasion', 798, 2, 193, 1, 2),
(314, 2022, 43810, 18299, 'Occasion', 798, 2, 250, 7, 2),
(315, 2020, 53010, 15099, 'Occasion', 798, 2, 193, 1, 1),
(316, 2023, 19966, 23499, 'Occasion', 798, 2, 194, 2, 1),
(317, 2023, 26303, 28799, 'Occasion', 806, 13, 258, 4, 1),
(318, 2020, 38293, 22999, 'Occasion', 798, 8, 222, 5, 1),
(319, 2024, 15649, 32499, 'Occasion', 798, 8, 217, 6, 1),
(320, 2024, 350, 32399, 'Occasion', 803, 18, 201, 6, 1),
(321, 2019, 37410, 14499, 'Occasion', 798, 2, 193, 1, 2),
(322, 2020, 22665, 13999, 'Occasion', 798, 2, 193, 1, 2),
(323, 2023, 9974, 13499, 'Occasion', 804, 12, 259, 1, 2),
(324, 2024, 30425, 16199, 'Occasion', 798, 2, 193, 1, 2),
(325, 2022, 42179, 23499, 'Occasion', 807, 22, 260, 4, 1),
(326, 2023, 3275, 23999, 'Occasion', 804, 15, 261, 2, 1),
(327, 2024, 10623, 28499, 'Occasion', 804, 25, 262, 6, 1),
(328, 2022, 7226, 27499, 'Occasion', 798, 14, 202, 5, 1),
(329, 2022, 30220, 21499, 'Occasion', 803, 20, 223, 5, 1),
(330, 2019, 36435, 13499, 'Occasion', 798, 2, 193, 1, 2),
(331, 2022, 68117, 25499, 'Occasion', 798, 8, 226, 7, 1),
(332, 2023, 14372, 22399, 'Occasion', 798, 8, 202, 1, 2),
(333, 2016, 87280, 11999, 'Occasion', 810, 28, 263, 7, 1),
(334, 2017, 58885, 13599, 'Occasion', 798, 14, 224, 1, 1),
(335, 2023, 21286, 25999, 'Occasion', 807, 22, 264, 4, 1),
(336, 2016, 86425, 17999, 'Occasion', 805, 19, 265, 5, 1),
(337, 2018, 60560, 13999, 'Occasion', 798, 8, 233, 1, 2),
(338, 2022, 51800, 24099, 'Occasion', 798, 8, 250, 7, 1),
(339, 2023, 9220, 26799, 'Occasion', 798, 8, 194, 1, 1),
(340, 2022, 38100, 15499, 'Occasion', 803, 7, 223, 3, 2),
(341, 2021, 72039, 16799, 'Occasion', 803, 20, 211, 1, 1),
(342, 2019, 29400, 14999, 'Occasion', 798, 14, 224, 1, 2),
(343, 2022, 40495, 27499, 'Occasion', 798, 8, 194, 7, 1),
(344, 2018, 44175, 14499, 'Occasion', 798, 8, 207, 1, 2),
(345, 2023, 21695, 23999, 'Occasion', 798, 8, 194, 1, 2),
(346, 2024, 7204, 30399, 'Occasion', 798, 8, 202, 4, 1),
(347, 2023, 25623, 15999, 'Occasion', 803, 7, 266, 3, 2),
(348, 2017, 93432, 11999, 'Occasion', 798, 8, 193, 1, 2),
(349, 2024, 9145, 19499, 'Occasion', 804, 12, 262, 1, 1),
(350, 2023, 7950, 14299, 'Occasion', 804, 12, 215, 1, 2),
(351, 2020, 66979, 17299, 'Occasion', 803, 20, 223, 1, 1),
(352, 2021, 29129, 16499, 'Occasion', 803, 7, 267, 1, 2),
(353, 2022, 16900, 30899, 'Occasion', 811, 29, 268, 5, 1),
(354, 2021, 43740, 25899, 'Occasion', 798, 8, 194, 7, 1),
(355, 2023, 14608, 15699, 'Occasion', 803, 7, 266, 3, 2),
(356, 2023, 19573, 24399, 'Occasion', 798, 8, 194, 1, 2),
(357, 2021, 107369, 23999, 'Occasion', 798, 8, 269, 5, 1),
(358, 2022, 53955, 24999, 'Occasion', 798, 8, 193, 7, 1),
(359, 2022, 39227, 20299, 'Occasion', 803, 20, 223, 6, 1),
(360, 2020, 41003, 16499, 'Occasion', 803, 20, 211, 1, 2),
(361, 2023, 21057, 28399, 'Occasion', 798, 14, 194, 7, 1),
(362, 2018, 67325, 13499, 'Occasion', 798, 8, 233, 1, 2),
(363, 2019, 47814, 10299, 'Occasion', 804, 12, 270, 1, 2),
(364, 2017, 90900, 9499, 'Occasion', 804, 12, 215, 1, 2),
(365, 2020, 55110, 22999, 'Occasion', 798, 8, 193, 5, 1),
(366, 2019, 82690, 19999, 'Occasion', 798, 8, 224, 7, 1),
(367, 2021, 99580, 22999, 'Occasion', 798, 8, 217, 7, 1),
(368, 2024, 11888, 23999, 'Occasion', 798, 8, 202, 1, 2),
(369, 2017, 104440, 16799, 'Occasion', 798, 8, 193, 7, 1),
(370, 2022, 33876, 33699, 'Occasion', 803, 18, 271, 4, 1),
(371, 2022, 32609, 15499, 'Occasion', 804, 12, 215, 1, 1),
(372, 2018, 101919, 15499, 'Occasion', 798, 8, 224, 1, 1),
(373, 2019, 104764, 14499, 'Occasion', 798, 8, 193, 1, 1),
(374, 2020, 65905, 13699, 'Occasion', 804, 12, 272, 7, 2),
(375, 2019, 81010, 19499, 'Occasion', 798, 8, 235, 1, 1),
(376, 2021, 30015, 15499, 'Occasion', 803, 7, 223, 1, 2),
(377, 2024, 14599, 23999, 'Occasion', 798, 8, 202, 1, 2),
(378, 2022, 32916, 27999, 'Occasion', 798, 8, 194, 7, 1),
(379, 2022, 57445, 22499, 'Occasion', 798, 8, 194, 1, 1),
(380, 2023, 14114, 24299, 'Occasion', 800, 9, 203, 1, 1),
(381, 2022, 38956, 26999, 'Occasion', 798, 14, 194, 5, 1),
(382, 2018, 71140, 13499, 'Occasion', 798, 8, 200, 1, 2),
(383, 2023, 5228, 16999, 'Occasion', 803, 7, 266, 1, 2),
(384, 2021, 16517, 15299, 'Occasion', 803, 7, 211, 1, 2),
(385, 2019, 43335, 14999, 'Occasion', 803, 20, 223, 1, 2),
(386, 2023, 23427, 17499, 'Occasion', 803, 7, 201, 1, 2),
(387, 2020, 81151, 20999, 'Occasion', 798, 8, 202, 7, 1),
(388, 2019, 110792, 16499, 'Occasion', 798, 8, 233, 7, 2),
(389, 2023, 19460, 24399, 'Occasion', 798, 8, 194, 1, 2),
(390, 2020, 88080, 19799, 'Occasion', 807, 22, 231, 4, 1),
(391, 2022, 32819, 28499, 'Occasion', 798, 8, 194, 7, 1),
(392, 2019, 72246, 18799, 'Occasion', 798, 8, 195, 1, 1),
(393, 2023, 195, 13499, 'Occasion', 800, 30, 197, 2, 1),
(394, 2024, 20297, 32999, 'Occasion', 798, 8, 202, 5, 1),
(395, 2023, 37174, 20399, 'Occasion', 798, 8, 202, 1, 2),
(396, 2021, 76195, 21999, 'Occasion', 798, 8, 202, 7, 1),
(397, 2022, 65560, 21499, 'Occasion', 798, 8, 194, 1, 1),
(398, 2018, 101638, 15999, 'Occasion', 798, 8, 193, 7, 2),
(399, 2023, 37651, 20399, 'Occasion', 798, 8, 202, 1, 2),
(400, 2021, 92446, 18999, 'Occasion', 798, 8, 207, 7, 1),
(401, 2020, 56265, 18999, 'Occasion', 798, 8, 207, 1, 1),
(402, 2020, 74965, 17999, 'Occasion', 798, 8, 224, 1, 1),
(403, 2020, 74637, 19999, 'Occasion', 804, 25, 273, 5, 1),
(404, 2018, 67055, 9799, 'Occasion', 804, 10, 274, 1, 2),
(405, 2018, 108872, 18999, 'Occasion', 798, 8, 275, 7, 1),
(406, 2020, 105817, 19799, 'Occasion', 798, 8, 275, 7, 1),
(407, 2022, 80731, 23999, 'Occasion', 798, 8, 194, 7, 1),
(408, 2023, 18026, 22999, 'Occasion', 798, 8, 202, 1, 2),
(409, 2022, 73645, 24999, 'Occasion', 798, 8, 226, 7, 1),
(410, 2019, 76511, 13999, 'Occasion', 798, 14, 207, 7, 1),
(411, 2023, 14140, 15999, 'Occasion', 803, 7, 266, 1, 2),
(412, 2021, 14524, 17799, 'Occasion', 803, 7, 211, 4, 1),
(413, 2021, 117265, 19999, 'Occasion', 798, 8, 194, 7, 2),
(414, 2022, 41075, 23299, 'Occasion', 807, 31, 256, 4, 1),
(415, 2023, 19054, 22399, 'Occasion', 798, 8, 202, 1, 2),
(416, 2023, 21705, 23999, 'Occasion', 798, 8, 194, 1, 2),
(417, 2020, 37493, 22999, 'Occasion', 798, 8, 195, 7, 1),
(418, 2018, 98404, 18999, 'Occasion', 798, 8, 193, 7, 1),
(419, 2018, 127626, 9799, 'Occasion', 803, 32, 276, 1, 2),
(420, 2023, 26051, 17499, 'Occasion', 803, 7, 201, 1, 2),
(421, 2024, 22836, 32499, 'Occasion', 798, 8, 202, 5, 1),
(422, 2023, 25633, 16799, 'Occasion', 803, 7, 201, 1, 2),
(423, 2023, 9872, 26799, 'Occasion', 806, 13, 277, 4, 1),
(424, 2020, 72916, 16999, 'Occasion', 798, 8, 235, 1, 2),
(425, 2024, 2169, 22999, 'Occasion', 804, 10, 262, 1, 1),
(426, 2021, 87700, 16299, 'Occasion', 798, 8, 194, 1, 2),
(427, 2023, 16215, 24399, 'Occasion', 798, 8, 194, 1, 2),
(428, 2022, 45963, 12499, 'Occasion', 804, 12, 215, 1, 2),
(429, 2021, 61290, 23299, 'Occasion', 798, 8, 202, 7, 1),
(430, 2020, 56709, 22499, 'Occasion', 798, 8, 195, 7, 1),
(431, 2022, 72915, 23999, 'Occasion', 798, 8, 214, 7, 1),
(432, 2021, 133726, 18499, 'Occasion', 798, 8, 202, 7, 1),
(433, 2019, 85471, 11999, 'Occasion', 804, 12, 278, 7, 2),
(434, 2018, 120719, 10599, 'Occasion', 804, 12, 208, 7, 2),
(435, 2020, 53547, 14999, 'Occasion', 798, 14, 210, 7, 2),
(436, 2022, 69047, 16999, 'Occasion', 798, 14, 220, 1, 2),
(437, 2021, 80550, 23999, 'Occasion', 798, 8, 194, 7, 1),
(438, 2018, 85840, 18999, 'Occasion', 798, 8, 200, 7, 1),
(439, 2019, 72366, 20999, 'Occasion', 798, 8, 195, 7, 1),
(440, 2023, 25500, 18499, 'Occasion', 803, 20, 201, 1, 2),
(441, 2020, 117724, 13699, 'Occasion', 798, 8, 200, 1, 2),
(442, 2020, 89909, 18999, 'Occasion', 798, 8, 224, 1, 1),
(443, 2020, 74062, 24099, 'Occasion', 798, 8, 194, 7, 1),
(444, 2021, 32609, 24999, 'Occasion', 798, 8, 214, 5, 1),
(445, 2019, 141110, 16999, 'Occasion', 798, 24, 279, 7, 2),
(446, 2021, 56644, 26499, 'Occasion', 798, 8, 269, 7, 1),
(447, 2018, 120056, 15699, 'Occasion', 798, 8, 193, 7, 2),
(448, 2021, 111479, 15999, 'Occasion', 798, 8, 220, 1, 2),
(449, 2021, 92856, 15999, 'Occasion', 798, 8, 202, 1, 2),
(450, 2023, 15758, 23599, 'Occasion', 798, 8, 202, 1, 2),
(451, 2018, 101285, 14499, 'Occasion', 798, 8, 193, 1, 2),
(452, 2019, 73158, 20499, 'Occasion', 798, 8, 193, 7, 1),
(453, 2018, 62752, 16999, 'Occasion', 806, 13, 258, 7, 2),
(454, 2024, 15539, 28799, 'Occasion', 798, 8, 202, 1, 1),
(455, 2020, 89280, 17999, 'Occasion', 798, 8, 233, 1, 1),
(456, 2023, 13390, 14499, 'Occasion', 804, 12, 215, 1, 2),
(457, 2019, 125174, 16599, 'Occasion', 798, 8, 193, 7, 2),
(458, 2023, 42900, 14999, 'Occasion', 804, 12, 215, 1, 1),
(459, 2020, 70755, 13399, 'Occasion', 804, 12, 215, 7, 2),
(460, 2021, 34547, 14499, 'Occasion', 803, 7, 227, 1, 2),
(461, 2016, 89402, 13999, 'Occasion', 806, 13, 258, 1, 1),
(462, 2024, 2697, 26999, 'Occasion', 798, 14, 228, 7, 1),
(463, 2023, 16087, 24099, 'Occasion', 798, 8, 202, 1, 2),
(464, 2017, 104775, 10499, 'Occasion', 804, 15, 215, 1, 1),
(465, 2017, 82237, 10999, 'Occasion', 798, 14, 224, 1, 1),
(466, 2024, 3030, 31499, 'Occasion', 798, 8, 202, 6, 1),
(467, 2020, 51429, 20299, 'Occasion', 798, 8, 193, 7, 2),
(468, 2021, 31444, 21999, 'Occasion', 803, 20, 254, 4, 1),
(469, 2023, 19000, 22399, 'Occasion', 798, 8, 202, 1, 2),
(470, 2023, 26783, 22999, 'Occasion', 803, 20, 201, 6, 1),
(471, 2023, 16960, 17799, 'Occasion', 803, 7, 201, 1, 2),
(472, 2024, 4220, 14999, 'Occasion', 804, 12, 280, 1, 2),
(473, 2020, 65710, 13299, 'Occasion', 798, 14, 269, 1, 2),
(474, 2023, 24186, 27999, 'Occasion', 804, 25, 281, 5, 1),
(475, 2019, 51512, 20499, 'Occasion', 806, 13, 209, 7, 1),
(476, 2024, 9855, 31499, 'Occasion', 798, 24, 214, 7, 1),
(477, 2020, 31060, 21099, 'Occasion', 798, 8, 193, 7, 2),
(478, 2019, 61412, 16999, 'Occasion', 798, 8, 200, 1, 2),
(479, 2023, 3025, 24299, 'Occasion', 804, 15, 205, 2, 1),
(480, 2019, 127178, 14399, 'Occasion', 798, 8, 233, 1, 2),
(481, 2021, 43637, 17299, 'Occasion', 804, 10, 259, 7, 1),
(482, 2019, 75190, 13999, 'Occasion', 798, 14, 224, 1, 1),
(483, 2019, 74606, 9799, 'Occasion', 804, 10, 208, 1, 2),
(484, 2023, 24017, 22299, 'Occasion', 804, 15, 215, 7, 1),
(485, 2019, 113731, 17999, 'Occasion', 798, 8, 224, 7, 2),
(486, 2020, 63603, 26499, 'Occasion', 798, 24, 235, 1, 1),
(487, 2023, 17994, 16699, 'Occasion', 804, 12, 215, 1, 1),
(488, 2022, 31270, 11499, 'Occasion', 804, 12, 215, 1, 2),
(489, 2017, 78065, 11799, 'Occasion', 803, 20, 227, 1, 2),
(490, 2020, 61260, 21499, 'Occasion', 798, 24, 193, 7, 2),
(491, 2023, 10035, 14999, 'Occasion', 804, 12, 262, 1, 2),
(492, 2016, 50795, 14999, 'Occasion', 798, 24, 210, 1, 2),
(493, 2024, 1738, 32799, 'Occasion', 798, 24, 214, 6, 1),
(494, 2024, 12944, 21999, 'Occasion', 804, 10, 262, 1, 1),
(495, 2016, 35193, 6799, 'Occasion', 803, 17, 218, 2, 1),
(496, 2017, 74831, 10999, 'Occasion', 804, 12, 215, 7, 2),
(497, 2024, 9783, 27999, 'Occasion', 804, 25, 280, 6, 1),
(498, 2023, 19490, 18499, 'Occasion', 803, 20, 201, 1, 2),
(499, 2023, 37562, 17799, 'Occasion', 804, 10, 281, 7, 2),
(500, 2019, 69610, 18999, 'Occasion', 806, 13, 282, 1, 1),
(501, 2019, 137787, 12299, 'Occasion', 798, 14, 193, 7, 2),
(502, 2022, 34685, 22999, 'Occasion', 803, 20, 201, 4, 1),
(503, 2022, 35623, 28499, 'Occasion', 798, 14, 194, 7, 1),
(504, 2022, 47840, 12499, 'Occasion', 804, 12, 215, 1, 2),
(505, 2023, 29636, 20999, 'Occasion', 798, 14, 193, 1, 1),
(506, 2018, 47595, 12499, 'Occasion', 804, 12, 272, 1, 1),
(507, 2024, 11431, 15299, 'Occasion', 804, 12, 280, 1, 2),
(508, 2022, 24328, 16699, 'Occasion', 803, 20, 211, 1, 2),
(509, 2024, 16698, 18999, 'Occasion', 804, 12, 262, 1, 1),
(510, 2024, 14920, 19199, 'Occasion', 804, 12, 262, 1, 1),
(511, 2020, 27982, 10999, 'Occasion', 804, 12, 270, 1, 2),
(512, 2023, 6400, 17499, 'Occasion', 800, 4, 283, 1, 1),
(513, 2023, 4237, 14899, 'Occasion', 804, 12, 280, 1, 2),
(514, 2017, 95900, 12999, 'Occasion', 803, 20, 284, 1, 1),
(515, 2024, 3417, 14999, 'Occasion', 804, 12, 280, 1, 2),
(516, 2023, 26698, 27299, 'Occasion', 806, 13, 277, 4, 1),
(517, 2015, 76555, 12999, 'Occasion', 806, 13, 258, 1, 1),
(518, 2018, 98133, 10799, 'Occasion', 798, 14, 224, 1, 2),
(519, 2022, 9945, 22999, 'Occasion', 800, 9, 285, 1, 1),
(520, 2023, 5853, 32499, 'Occasion', 798, 14, 193, 2, 1),
(521, 2021, 59235, 11999, 'Occasion', 804, 12, 272, 1, 2),
(522, 2019, 71895, 12499, 'Occasion', 803, 20, 223, 1, 2),
(523, 2022, 2266, 37999, 'Occasion', 807, 33, 286, 4, 1),
(524, 2022, 55420, 12299, 'Occasion', 804, 12, 272, 1, 2),
(525, 2018, 88420, 14299, 'Occasion', 803, 20, 287, 1, 1),
(526, 2022, 51965, 14499, 'Occasion', 804, 12, 215, 1, 1),
(527, 2021, 113487, 11499, 'Occasion', 804, 12, 281, 7, 2),
(528, 2019, 71980, 10499, 'Occasion', 804, 12, 215, 1, 2),
(529, 2019, 32750, 11799, 'Occasion', 804, 12, 270, 1, 2),
(530, 2023, 18999, 16699, 'Occasion', 804, 12, 215, 1, 1),
(531, 2017, 30166, 11999, 'Occasion', 804, 15, 288, 1, 1),
(532, 2024, 13230, 19299, 'Occasion', 804, 12, 262, 1, 1),
(533, 2021, 63267, 21699, 'Occasion', 809, 27, 289, 7, 2),
(534, 2021, 51723, 22299, 'Occasion', 806, 13, 258, 6, 1),
(535, 2023, 12364, 22799, 'Occasion', 804, 15, 262, 7, 1),
(536, 2023, 10, 24999, 'Occasion', 804, 15, 215, 2, 1),
(537, 2016, 80838, 13599, 'Occasion', 806, 13, 290, 1, 2),
(538, 2021, 41137, 11999, 'Occasion', 804, 12, 208, 1, 2),
(539, 2019, 64751, 13999, 'Occasion', 803, 20, 267, 1, 2),
(540, 2020, 66178, 20999, 'Occasion', 798, 24, 193, 1, 1),
(541, 2023, 13340, 25699, 'Occasion', 804, 25, 259, 1, 1),
(542, 2024, 14956, 16399, 'Occasion', 804, 12, 262, 1, 2),
(543, 2023, 38610, 19499, 'Occasion', 804, 10, 272, 1, 1),
(544, 2017, 48700, 13999, 'Occasion', 803, 20, 223, 1, 1),
(545, 2024, 3184, 27999, 'Occasion', 798, 14, 195, 7, 1),
(546, 2023, 20005, 19999, 'Occasion', 798, 14, 202, 1, 2),
(547, 2020, 54759, 19899, 'Occasion', 812, 34, 291, 8, 2),
(548, 2020, 62997, 14499, 'Occasion', 803, 20, 211, 1, 2),
(549, 2021, 30430, 11999, 'Occasion', 804, 12, 208, 1, 2),
(550, 2020, 22119, 16499, 'Occasion', 804, 15, 215, 1, 1),
(551, 2023, 24479, 18499, 'Occasion', 803, 20, 201, 1, 2),
(552, 2022, 78680, 22999, 'Occasion', 798, 14, 194, 5, 1),
(553, 2016, 115605, 10499, 'Occasion', 803, 20, 223, 1, 2),
(554, 2021, 40821, 13299, 'Occasion', 804, 12, 205, 1, 2),
(555, 2021, 30618, 11999, 'Occasion', 804, 12, 208, 1, 2),
(556, 2021, 79567, 15999, 'Occasion', 798, 14, 207, 7, 1),
(557, 2018, 98209, 17793, 'Occasion', 807, 22, 292, 3, 1),
(558, 2021, 29165, 19499, 'Occasion', 806, 13, 258, 1, 2),
(559, 2017, 74107, 17999, 'Occasion', 806, 13, 258, 7, 1),
(560, 2022, 56960, 18499, 'Occasion', 798, 14, 202, 1, 2),
(561, 2021, 42167, 16499, 'Occasion', 803, 20, 223, 1, 2),
(562, 2021, 46551, 16299, 'Occasion', 804, 25, 274, 1, 2),
(563, 2022, 45010, 14999, 'Occasion', 804, 12, 215, 1, 1),
(564, 2022, 15660, 13999, 'Occasion', 804, 12, 205, 1, 2),
(565, 2024, 5084, 32399, 'Occasion', 798, 24, 202, 6, 1),
(566, 2021, 51555, 24499, 'Occasion', 798, 14, 226, 7, 1),
(567, 2020, 62214, 16999, 'Occasion', 798, 14, 207, 7, 1),
(568, 2021, 63500, 14999, 'Occasion', 800, 9, 216, 1, 2),
(569, 2023, 14182, 16799, 'Occasion', 804, 12, 215, 1, 1),
(570, 2019, 72038, 10999, 'Occasion', 798, 14, 200, 1, 2),
(571, 2021, 40660, 18999, 'Occasion', 804, 15, 261, 7, 1),
(572, 2021, 39679, 10499, 'Occasion', 804, 12, 208, 1, 2),
(573, 2023, 12235, 15499, 'Occasion', 807, 35, 293, 1, 2),
(574, 2023, 19027, 17899, 'Occasion', 803, 20, 266, 1, 2),
(575, 2018, 49439, 13999, 'Occasion', 803, 20, 223, 1, 2),
(576, 2023, 7587, 19399, 'Occasion', 804, 15, 215, 1, 2),
(577, 2020, 51051, 15499, 'Occasion', 798, 14, 224, 1, 1),
(578, 2024, 2921, 31999, 'Occasion', 798, 24, 214, 7, 1),
(579, 2020, 62150, 12499, 'Occasion', 798, 14, 207, 1, 2),
(580, 2020, 82825, 12999, 'Occasion', 804, 12, 259, 7, 2),
(581, 2024, 5594, 28999, 'Occasion', 804, 25, 262, 6, 1),
(582, 2022, 55715, 12499, 'Occasion', 804, 12, 272, 1, 2),
(583, 2022, 37012, 21999, 'Occasion', 803, 20, 223, 4, 1),
(584, 2023, 10, 23299, 'Occasion', 804, 15, 215, 1, 1),
(585, 2023, 24249, 18499, 'Occasion', 803, 20, 201, 1, 2),
(586, 2017, 92530, 13499, 'Occasion', 806, 13, 258, 1, 2),
(587, 2021, 8048, 19999, 'Occasion', 798, 14, 202, 1, 2),
(588, 2023, 16046, 16399, 'Occasion', 804, 12, 215, 1, 2),
(589, 2023, 19244, 15399, 'Occasion', 804, 12, 215, 1, 2),
(590, 2023, 18661, 21699, 'Occasion', 798, 14, 193, 1, 1),
(591, 2020, 108438, 14999, 'Occasion', 804, 25, 208, 7, 2),
(592, 2023, 15572, 25099, 'Occasion', 798, 14, 194, 1, 1),
(593, 2019, 52760, 18999, 'Occasion', 807, 22, 256, 4, 1),
(594, 2024, 15932, 16399, 'Occasion', 804, 12, 262, 1, 2),
(595, 2023, 17146, 15499, 'Occasion', 800, 4, 294, 3, 2),
(596, 2022, 42039, 20299, 'Occasion', 806, 13, 295, 6, 2),
(597, 2023, 15399, 18799, 'Occasion', 803, 20, 266, 1, 2),
(598, 2023, 20115, 23999, 'Occasion', 800, 9, 203, 1, 1),
(599, 2017, 96488, 9899, 'Occasion', 798, 14, 210, 1, 2),
(600, 2019, 90209, 15999, 'Occasion', 806, 13, 258, 7, 2),
(601, 2020, 34852, 20999, 'Occasion', 812, 34, 291, 7, 2),
(602, 2024, 3824, 32499, 'Occasion', 798, 24, 214, 6, 1),
(603, 2023, 23388, 18499, 'Occasion', 803, 20, 201, 1, 2),
(604, 2023, 19638, 27499, 'Occasion', 806, 13, 282, 6, 1),
(605, 2022, 16676, 18399, 'Occasion', 800, 9, 296, 3, 2),
(606, 2023, 21095, 22599, 'Occasion', 804, 15, 215, 7, 1),
(607, 2017, 41811, 11499, 'Occasion', 804, 15, 212, 1, 1),
(608, 2020, 44135, 20499, 'Occasion', 807, 22, 297, 4, 1),
(609, 2019, 40325, 15499, 'Occasion', 804, 26, 274, 7, 2),
(610, 2023, 10409, 25999, 'Occasion', 798, 14, 194, 1, 1),
(611, 2020, 99311, 13999, 'Occasion', 803, 20, 223, 1, 2),
(612, 2019, 79709, 19999, 'Occasion', 806, 13, 258, 7, 1),
(613, 2020, 87600, 18999, 'Occasion', 808, 36, 298, 7, 2),
(614, 2016, 100526, 10999, 'Occasion', 804, 15, 212, 7, 2),
(615, 2018, 89175, 17999, 'Occasion', 798, 24, 193, 1, 1),
(616, 2024, 11908, 16399, 'Occasion', 804, 12, 280, 1, 2),
(617, 2019, 40230, 17999, 'Occasion', 806, 13, 277, 7, 2),
(618, 2018, 95765, 10799, 'Occasion', 804, 12, 299, 1, 2),
(619, 2022, 21787, 17099, 'Occasion', 803, 20, 211, 1, 2),
(620, 2023, 13954, 21399, 'Occasion', 804, 15, 205, 1, 1),
(621, 2018, 86305, 11399, 'Occasion', 798, 14, 224, 1, 2),
(622, 2020, 68830, 11499, 'Occasion', 798, 14, 200, 1, 2),
(623, 2021, 59747, 18999, 'Occasion', 806, 13, 300, 1, 1),
(624, 2019, 122124, 11999, 'Occasion', 798, 14, 210, 7, 2),
(625, 2023, 17080, 17199, 'Occasion', 804, 15, 281, 1, 2),
(626, 2016, 77734, 9499, 'Occasion', 804, 15, 212, 1, 2),
(627, 2021, 76143, 18299, 'Occasion', 800, 9, 301, 7, 2),
(628, 2018, 58893, 10799, 'Occasion', 798, 14, 210, 1, 2),
(629, 2023, 9229, 26999, 'Occasion', 810, 28, 302, 2, 1),
(630, 2024, 16608, 16399, 'Occasion', 804, 12, 280, 1, 2),
(631, 2021, 57945, 20499, 'Occasion', 798, 14, 194, 7, 1),
(632, 2024, 15742, 22099, 'Occasion', 803, 20, 201, 1, 2),
(633, 2019, 75855, 15799, 'Occasion', 798, 14, 195, 7, 2),
(634, 2023, 22744, 24499, 'Occasion', 800, 9, 203, 1, 1),
(635, 2020, 37605, 12999, 'Occasion', 798, 14, 193, 1, 2),
(636, 2023, 25056, 28799, 'Occasion', 806, 13, 258, 4, 1),
(637, 2019, 94696, 11799, 'Occasion', 798, 14, 303, 1, 2),
(638, 2016, 72827, 13999, 'Occasion', 806, 13, 258, 1, 1),
(639, 2020, 110171, 14499, 'Occasion', 798, 14, 193, 7, 2),
(640, 2023, 20025, 18199, 'Occasion', 803, 20, 266, 1, 2),
(641, 2019, 71181, 15999, 'Occasion', 800, 9, 304, 7, 2),
(642, 2024, 13542, 31999, 'Occasion', 798, 24, 202, 6, 1),
(643, 2019, 39075, 13499, 'Occasion', 798, 14, 305, 1, 2),
(644, 2018, 68085, 9999, 'Occasion', 804, 10, 306, 1, 2),
(645, 2019, 76746, 17999, 'Occasion', 798, 24, 233, 1, 1),
(646, 2018, 79845, 11999, 'Occasion', 798, 14, 235, 1, 2),
(647, 2024, 1237, 22999, 'Occasion', 804, 15, 262, 1, 1),
(648, 2023, 22130, 27299, 'Occasion', 806, 13, 277, 4, 1),
(649, 2021, 60615, 20499, 'Occasion', 808, 36, 307, 1, 2),
(650, 2020, 49170, 14999, 'Occasion', 798, 14, 193, 1, 1),
(651, 2023, 23366, 32599, 'Occasion', 798, 24, 194, 7, 1),
(652, 2018, 42233, 11999, 'Occasion', 804, 15, 212, 1, 1),
(653, 2019, 124470, 16499, 'Occasion', 806, 13, 209, 7, 1),
(654, 2023, 20835, 17699, 'Occasion', 804, 15, 281, 1, 2),
(655, 2022, 21443, 17699, 'Occasion', 803, 20, 266, 1, 2),
(656, 2022, 34216, 14699, 'Occasion', 800, 4, 308, 1, 2),
(657, 2021, 42000, 22299, 'Occasion', 807, 22, 297, 4, 1),
(658, 2019, 43460, 14999, 'Occasion', 798, 14, 224, 1, 1),
(659, 2018, 98450, 11299, 'Occasion', 804, 10, 215, 1, 1),
(660, 2021, 23741, 14999, 'Occasion', 800, 9, 244, 3, 2),
(661, 2018, 49665, 11199, 'Occasion', 798, 14, 210, 1, 2),
(662, 2018, 66045, 12999, 'Occasion', 798, 14, 224, 1, 2),
(663, 2023, 21975, 27499, 'Occasion', 806, 13, 282, 6, 1),
(664, 2019, 67780, 17499, 'Occasion', 806, 13, 309, 7, 2),
(665, 2023, 11774, 18399, 'Occasion', 804, 15, 215, 1, 2),
(666, 2019, 50850, 13999, 'Occasion', 798, 14, 224, 1, 2),
(667, 2021, 49592, 23499, 'Occasion', 804, 25, 205, 7, 1),
(668, 2022, 44621, 25599, 'Occasion', 798, 14, 226, 7, 1),
(669, 2023, 15885, 37799, 'Occasion', 808, 36, 310, 1, 1),
(670, 2018, 36657, 12799, 'Occasion', 808, 37, 311, 1, 2),
(671, 2021, 69105, 26999, 'Occasion', 798, 24, 202, 7, 1),
(672, 2024, 21565, 22099, 'Occasion', 803, 20, 201, 1, 2),
(673, 2021, 67749, 12999, 'Occasion', 798, 14, 207, 1, 2),
(674, 2018, 70178, 12999, 'Occasion', 798, 14, 312, 1, 1),
(675, 2018, 80090, 21999, 'Occasion', 798, 24, 235, 1, 1),
(676, 2019, 80949, 21299, 'Occasion', 798, 24, 224, 7, 2),
(677, 2017, 28310, 13499, 'Occasion', 803, 38, 218, 1, 2),
(678, 2024, 4572, 19999, 'Occasion', 804, 15, 262, 1, 2),
(679, 2023, 22995, 28999, 'Occasion', 806, 13, 258, 4, 1),
(680, 2020, 71889, 15399, 'Occasion', 798, 14, 210, 1, 1),
(681, 2020, 109385, 14499, 'Occasion', 804, 25, 272, 1, 1),
(682, 2019, 86666, 17799, 'Occasion', 807, 22, 256, 4, 1),
(683, 2024, 7432, 32399, 'Occasion', 798, 24, 202, 6, 1),
(684, 2021, 43706, 27999, 'Occasion', 812, 34, 313, 5, 1),
(685, 2021, 51487, 21099, 'Occasion', 804, 25, 208, 5, 1),
(686, 2020, 67445, 12499, 'Occasion', 798, 14, 193, 1, 2),
(687, 2023, 6386, 22399, 'Occasion', 804, 15, 215, 1, 1),
(688, 2019, 43829, 13499, 'Occasion', 798, 14, 200, 1, 2),
(689, 2019, 71733, 11499, 'Occasion', 798, 14, 193, 1, 2),
(690, 2022, 94010, 22999, 'Occasion', 798, 14, 226, 7, 1),
(691, 2020, 78610, 10999, 'Occasion', 798, 14, 200, 1, 2),
(692, 2022, 4142, 36499, 'Occasion', 807, 33, 314, 4, 1),
(693, 2023, 22710, 32599, 'Occasion', 798, 24, 194, 7, 1),
(694, 2022, 34380, 22999, 'Occasion', 806, 13, 209, 6, 2),
(695, 2018, 79964, 10799, 'Occasion', 798, 14, 193, 1, 2),
(696, 2019, 57755, 19299, 'Occasion', 798, 24, 193, 1, 2),
(697, 2024, 1542, 31999, 'Occasion', 798, 24, 202, 7, 1),
(698, 2022, 32045, 21499, 'Occasion', 800, 9, 315, 1, 1),
(699, 2022, 49221, 26099, 'Occasion', 804, 25, 205, 7, 1),
(700, 2024, 5000, 27999, 'Occasion', 804, 25, 280, 6, 1),
(701, 2021, 90989, 17199, 'Occasion', 798, 14, 202, 7, 1),
(702, 2021, 12880, 33499, 'Occasion', 812, 34, 316, 5, 1),
(703, 2019, 16573, 17999, 'Occasion', 798, 14, 200, 7, 2),
(704, 2023, 24167, 23499, 'Occasion', 804, 15, 272, 7, 1),
(705, 2019, 111224, 16799, 'Occasion', 798, 24, 222, 1, 1),
(706, 2023, 58115, 24299, 'Occasion', 806, 13, 258, 6, 1),
(707, 2023, 19185, 20999, 'Occasion', 804, 25, 317, 1, 2),
(708, 2021, 37235, 27499, 'Occasion', 798, 24, 202, 7, 1),
(709, 2021, 56736, 14299, 'Occasion', 800, 4, 318, 1, 2),
(710, 2017, 102466, 10999, 'Occasion', 804, 15, 212, 1, 1),
(711, 2020, 56625, 16499, 'Occasion', 798, 14, 224, 1, 1),
(712, 2019, 46452, 12099, 'Occasion', 798, 14, 200, 1, 2),
(713, 2019, 77239, 12299, 'Occasion', 798, 14, 224, 1, 2),
(714, 2024, 2768, 31999, 'Occasion', 798, 24, 214, 7, 1),
(715, 2019, 83325, 12299, 'Occasion', 798, 14, 312, 1, 2),
(716, 2020, 66024, 18999, 'Occasion', 804, 25, 208, 7, 1),
(717, 2019, 53666, 11999, 'Occasion', 798, 14, 210, 1, 2),
(718, 2022, 15739, 25999, 'Occasion', 807, 22, 231, 4, 1),
(719, 2018, 79980, 11299, 'Occasion', 798, 14, 210, 1, 2),
(720, 2021, 83754, 17999, 'Occasion', 804, 15, 281, 7, 1),
(721, 2021, 48362, 18999, 'Occasion', 803, 39, 319, 6, 1),
(722, 2020, 103644, 21799, 'Occasion', 798, 24, 279, 7, 1),
(723, 2024, 3792, 32499, 'Occasion', 798, 24, 214, 6, 1),
(724, 2020, 69661, 18999, 'Occasion', 798, 24, 193, 1, 2),
(725, 2023, 15900, 22899, 'Occasion', 804, 15, 272, 7, 1),
(726, 2023, 8714, 28299, 'Occasion', 803, 39, 254, 1, 1),
(727, 2021, 20170, 16999, 'Occasion', 804, 15, 215, 1, 1),
(728, 2019, 91815, 20999, 'Occasion', 798, 24, 222, 7, 1),
(729, 2019, 110355, 20499, 'Occasion', 798, 24, 224, 1, 1),
(730, 2021, 84712, 12499, 'Occasion', 800, 4, 308, 3, 2),
(731, 2024, 1353, 32499, 'Occasion', 798, 24, 214, 6, 1),
(732, 2024, 3375, 36999, 'Occasion', 808, 36, 320, 5, 1),
(733, 2019, 70255, 11499, 'Occasion', 798, 14, 210, 1, 2),
(734, 2023, 20655, 29499, 'Occasion', 806, 13, 258, 4, 1),
(735, 2020, 58895, 12999, 'Occasion', 798, 14, 193, 1, 2),
(736, 2019, 44735, 13499, 'Occasion', 798, 14, 193, 1, 2),
(737, 2019, 71633, 12499, 'Occasion', 798, 14, 200, 1, 2),
(738, 2021, 44212, 14499, 'Occasion', 798, 14, 202, 1, 2),
(739, 2024, 8741, 32799, 'Occasion', 798, 24, 202, 6, 1),
(740, 2019, 53277, 12099, 'Occasion', 798, 14, 200, 1, 2),
(741, 2024, 11093, 22999, 'Occasion', 804, 15, 280, 7, 1),
(742, 2022, 46284, 20999, 'Occasion', 806, 13, 258, 6, 2),
(743, 2021, 76390, 14899, 'Occasion', 800, 9, 321, 3, 2),
(744, 2024, 8529, 32799, 'Occasion', 798, 24, 202, 6, 1),
(745, 2024, 17043, 20999, 'Occasion', 804, 15, 262, 1, 1),
(746, 2021, 69940, 19499, 'Occasion', 804, 15, 215, 7, 1),
(747, 2022, 77940, 23999, 'Occasion', 798, 24, 210, 7, 2),
(748, 2019, 64487, 12799, 'Occasion', 798, 14, 232, 1, 2),
(749, 2019, 61791, 17499, 'Occasion', 798, 24, 207, 1, 2),
(750, 2020, 69312, 22499, 'Occasion', 798, 24, 195, 7, 2),
(751, 2024, 3881, 22999, 'Occasion', 804, 15, 262, 1, 1),
(752, 2020, 18715, 13499, 'Occasion', 804, 10, 208, 1, 2),
(753, 2020, 51669, 22199, 'Occasion', 798, 24, 200, 7, 2),
(754, 2022, 8175, 12999, 'Occasion', 803, 23, 322, 1, 2),
(755, 2022, 28734, 16499, 'Occasion', 804, 15, 281, 1, 2),
(756, 2021, 37137, 17299, 'Occasion', 804, 10, 261, 7, 2),
(757, 2020, 58315, 18499, 'Occasion', 804, 25, 273, 7, 2),
(758, 2021, 88300, 17199, 'Occasion', 798, 14, 202, 7, 1),
(759, 2019, 48390, 17399, 'Occasion', 804, 10, 215, 7, 1),
(760, 2021, 47225, 23999, 'Occasion', 804, 25, 215, 5, 1),
(761, 2020, 52711, 11799, 'Occasion', 804, 10, 323, 1, 2),
(762, 2024, 7022, 32399, 'Occasion', 798, 24, 202, 6, 1),
(763, 2023, 54283, 24299, 'Occasion', 806, 13, 258, 6, 1),
(764, 2022, 23835, 21999, 'Occasion', 804, 15, 215, 7, 1),
(765, 2023, 21183, 17499, 'Occasion', 800, 4, 294, 1, 2),
(766, 2021, 21487, 16699, 'Occasion', 804, 15, 208, 1, 1),
(767, 2020, 27476, 21699, 'Occasion', 804, 25, 261, 1, 1),
(768, 2023, 28498, 32699, 'Occasion', 798, 24, 194, 7, 1),
(769, 2019, 73140, 19499, 'Occasion', 812, 34, 291, 8, 1),
(770, 2024, 15796, 18399, 'Occasion', 804, 10, 262, 1, 2),
(771, 2023, 6147, 23899, 'Occasion', 804, 15, 205, 1, 1),
(772, 2023, 5, 20399, 'Occasion', 804, 15, 280, 1, 2),
(773, 2021, 94975, 19499, 'Occasion', 804, 25, 273, 5, 1),
(774, 2023, 10255, 22399, 'Occasion', 804, 15, 205, 1, 1),
(775, 2022, 98362, 21999, 'Occasion', 806, 13, 277, 6, 1),
(776, 2022, 41153, 34499, 'Occasion', 808, 36, 324, 1, 1),
(777, 2020, 60830, 20999, 'Occasion', 804, 25, 325, 7, 1),
(778, 2024, 7515, 29399, 'Occasion', 798, 24, 202, 1, 1),
(779, 2023, 28831, 30399, 'Occasion', 798, 24, 202, 7, 1),
(780, 2022, 27588, 16499, 'Occasion', 804, 15, 281, 1, 2),
(781, 2023, 11075, 23499, 'Occasion', 803, 39, 266, 6, 1),
(782, 2024, 5466, 31999, 'Occasion', 798, 24, 214, 7, 1),
(783, 2024, 5995, 22999, 'Occasion', 804, 15, 262, 1, 1),
(784, 2018, 95282, 18999, 'Occasion', 798, 24, 193, 7, 2),
(785, 2024, 10850, 31499, 'Occasion', 798, 24, 202, 7, 1),
(786, 2018, 44918, 10699, 'Occasion', 803, 23, 223, 1, 2),
(787, 2021, 22989, 28999, 'Occasion', 799, 40, 326, 5, 1),
(788, 2024, 12092, 19399, 'Occasion', 804, 15, 280, 1, 2),
(789, 2017, 122390, 19499, 'Occasion', 798, 24, 235, 1, 1),
(790, 2021, 59154, 23999, 'Occasion', 798, 24, 202, 1, 1),
(791, 2023, 35323, 25499, 'Occasion', 804, 25, 205, 1, 1),
(792, 2023, 13270, 17299, 'Occasion', 804, 10, 205, 1, 2),
(793, 2020, 46923, 22599, 'Occasion', 804, 25, 208, 7, 1),
(794, 2018, 76030, 18999, 'Occasion', 798, 24, 224, 1, 2),
(795, 2021, 82010, 21499, 'Occasion', 804, 25, 205, 7, 1),
(796, 2016, 47895, 11999, 'Occasion', 803, 32, 223, 1, 2),
(797, 2019, 64619, 18999, 'Occasion', 804, 25, 215, 1, 1),
(798, 2024, 12864, 32399, 'Occasion', 798, 24, 202, 6, 1),
(799, 2021, 61433, 27999, 'Occasion', 801, 5, 327, 2, 1),
(800, 2018, 83602, 10299, 'Occasion', 804, 10, 215, 1, 2),
(801, 2023, 21135, 22499, 'Occasion', 804, 15, 215, 7, 1),
(802, 2019, 110200, 17999, 'Occasion', 804, 25, 215, 7, 1),
(803, 2021, 13900, 22799, 'Occasion', 804, 15, 205, 7, 1),
(804, 2024, 21098, 23499, 'Occasion', 804, 15, 262, 7, 1),
(805, 2024, 5296, 31499, 'Occasion', 798, 24, 214, 6, 1),
(806, 2022, 52643, 16699, 'Occasion', 800, 9, 315, 3, 2),
(807, 2022, 22725, 22099, 'Occasion', 804, 15, 281, 7, 1),
(808, 2024, 26148, 31999, 'Occasion', 798, 24, 202, 7, 1),
(809, 2022, 45200, 20999, 'Occasion', 804, 25, 259, 1, 1),
(810, 2019, 63797, 18899, 'Occasion', 798, 24, 200, 1, 2),
(811, 2024, 3062, 32499, 'Occasion', 798, 24, 214, 6, 1),
(812, 2024, 8356, 22999, 'Occasion', 804, 15, 262, 1, 1),
(813, 2023, 4, 19399, 'Occasion', 804, 15, 328, 1, 2),
(814, 2018, 82730, 16999, 'Occasion', 798, 24, 193, 1, 2),
(815, 2022, 48830, 21499, 'Occasion', 807, 22, 329, 4, 1),
(816, 2019, 88115, 14999, 'Occasion', 800, 9, 315, 1, 2),
(817, 2022, 60993, 21499, 'Occasion', 806, 13, 209, 6, 2),
(818, 2022, 30179, 24099, 'Occasion', 804, 15, 281, 7, 1),
(819, 2022, 54982, 25099, 'Occasion', 804, 15, 215, 7, 1),
(820, 2019, 84740, 10499, 'Occasion', 804, 10, 215, 1, 2),
(821, 2020, 34639, 19599, 'Occasion', 806, 13, 258, 1, 2),
(822, 2023, 23965, 20299, 'Occasion', 804, 15, 215, 1, 1),
(823, 2021, 40251, 21999, 'Occasion', 804, 25, 208, 7, 2),
(824, 2021, 43994, 12499, 'Occasion', 804, 10, 215, 1, 2),
(825, 2023, 41911, 17299, 'Occasion', 804, 10, 281, 7, 2),
(826, 2024, 3151, 32499, 'Occasion', 798, 24, 214, 6, 1),
(827, 2022, 90188, 22999, 'Occasion', 798, 24, 210, 7, 2),
(828, 2024, 1016, 31999, 'Occasion', 798, 24, 214, 6, 1),
(829, 2022, 29789, 27499, 'Occasion', 807, 22, 330, 4, 1),
(830, 2018, 95437, 17299, 'Occasion', 798, 24, 224, 1, 2),
(831, 2024, 18199, 19399, 'Occasion', 804, 15, 280, 1, 2),
(832, 2021, 33340, 20499, 'Occasion', 806, 13, 300, 6, 2),
(833, 2018, 49177, 19099, 'Occasion', 798, 24, 200, 1, 2),
(834, 2024, 3726, 32499, 'Occasion', 798, 24, 214, 6, 1),
(835, 2024, 5735, 31499, 'Occasion', 798, 24, 214, 6, 1),
(836, 2019, 48860, 24999, 'Occasion', 798, 24, 275, 7, 2),
(837, 2021, 36823, 17399, 'Occasion', 804, 15, 208, 1, 1),
(838, 2023, 15585, 19499, 'Occasion', 800, 41, 203, 3, 2),
(839, 2018, 106695, 19199, 'Occasion', 798, 24, 193, 7, 2),
(840, 2019, 57911, 20999, 'Occasion', 804, 25, 208, 1, 1),
(841, 2020, 63810, 11299, 'Occasion', 804, 10, 208, 1, 2),
(842, 2022, 24145, 22999, 'Occasion', 807, 22, 256, 4, 1),
(843, 2021, 16176, 18599, 'Occasion', 804, 10, 215, 1, 1),
(844, 2019, 89571, 17499, 'Occasion', 804, 25, 215, 7, 2),
(845, 2018, 84080, 14999, 'Occasion', 806, 13, 258, 1, 2),
(846, 2018, 91835, 15299, 'Occasion', 806, 13, 209, 7, 2),
(847, 2022, 51194, 23499, 'Occasion', 806, 13, 209, 6, 2),
(848, 2024, 18916, 26099, 'Occasion', 798, 24, 202, 1, 2),
(849, 2021, 74901, 18699, 'Occasion', 806, 13, 258, 1, 2),
(850, 2021, 60185, 23499, 'Occasion', 804, 25, 205, 5, 1),
(851, 2022, 47120, 20499, 'Occasion', 800, 9, 315, 1, 1),
(852, 2020, 52425, 17399, 'Occasion', 804, 25, 208, 1, 2),
(853, 2020, 79550, 13299, 'Occasion', 804, 10, 215, 1, 1),
(854, 2022, 60686, 21499, 'Occasion', 806, 13, 209, 6, 2),
(855, 2021, 61857, 14499, 'Occasion', 804, 15, 281, 1, 2),
(856, 2021, 127340, 16999, 'Occasion', 803, 39, 211, 4, 1),
(857, 2020, 70124, 18099, 'Occasion', 806, 13, 258, 1, 2),
(858, 2024, 11471, 17999, 'Occasion', 804, 10, 280, 1, 2),
(859, 2019, 78720, 15499, 'Occasion', 804, 25, 325, 1, 2),
(860, 2022, 55221, 18499, 'Occasion', 804, 25, 325, 1, 2),
(861, 2024, 17068, 17999, 'Occasion', 804, 10, 280, 1, 2),
(862, 2020, 82210, 15499, 'Occasion', 804, 25, 325, 1, 2),
(863, 2021, 71245, 18999, 'Occasion', 804, 25, 208, 7, 2),
(864, 2020, 85428, 21499, 'Occasion', 807, 22, 331, 4, 1),
(865, 2022, 41862, 13899, 'Occasion', 800, 4, 332, 3, 2),
(866, 2021, 66260, 15299, 'Occasion', 804, 10, 333, 7, 2),
(867, 2023, 16638, 31499, 'Occasion', 798, 24, 202, 7, 1),
(868, 2022, 46105, 18699, 'Occasion', 804, 25, 325, 1, 2),
(869, 2022, 47828, 17799, 'Occasion', 804, 10, 215, 1, 1),
(870, 2019, 95265, 18999, 'Occasion', 798, 24, 193, 7, 2),
(871, 2023, 23034, 28799, 'Occasion', 806, 13, 258, 4, 1),
(872, 2019, 54537, 17499, 'Occasion', 806, 13, 258, 1, 2),
(873, 2022, 60990, 15999, 'Occasion', 804, 10, 259, 7, 2),
(874, 2023, 41665, 32999, 'Occasion', 805, 42, 206, 1, 1),
(875, 2020, 84898, 16999, 'Occasion', 804, 25, 208, 1, 1),
(876, 2021, 94330, 19799, 'Occasion', 808, 36, 298, 7, 1),
(877, 2022, 55540, 16299, 'Occasion', 804, 10, 259, 7, 2),
(878, 2021, 76964, 19699, 'Occasion', 804, 25, 208, 7, 2),
(879, 2021, 82610, 21299, 'Occasion', 804, 25, 215, 7, 1),
(880, 2024, 22153, 22699, 'Occasion', 804, 10, 262, 1, 1),
(881, 2024, 26684, 26299, 'Occasion', 798, 24, 202, 1, 2),
(882, 2024, 1103, 31999, 'Occasion', 798, 24, 214, 6, 1),
(883, 2018, 101334, 20199, 'Occasion', 798, 24, 275, 7, 2),
(884, 2021, 42223, 15999, 'Occasion', 800, 9, 334, 3, 2),
(885, 2023, 19600, 23399, 'Occasion', 804, 25, 208, 1, 2);
INSERT INTO `Vehicule` (`ID_Vehicule`, `Annee`, `Kilometrage`, `Prix`, `Etat`, `Marque_ID`, `Modele_ID`, `Finition_ID`, `Carburant_ID`, `Transmission_ID`) VALUES
(886, 2022, 51185, 16399, 'Occasion', 804, 10, 259, 7, 2),
(887, 2021, 28440, 14999, 'Occasion', 813, 43, 335, 2, 1),
(888, 2021, 120315, 17499, 'Occasion', 804, 25, 273, 7, 1),
(889, 2021, 38963, 31499, 'Occasion', 812, 34, 316, 5, 1),
(890, 2023, 12030, 18499, 'Occasion', 804, 10, 205, 1, 2),
(891, 2023, 29228, 17599, 'Occasion', 804, 10, 205, 1, 2),
(892, 2020, 54557, 15799, 'Occasion', 804, 10, 215, 1, 1),
(893, 2024, 15000, 27999, 'Occasion', 804, 25, 280, 6, 1),
(894, 2019, 51741, 15299, 'Occasion', 804, 10, 215, 7, 2),
(895, 2021, 34075, 21399, 'Occasion', 808, 36, 336, 1, 2),
(896, 2018, 79122, 12999, 'Occasion', 804, 10, 245, 7, 2),
(897, 2022, 50085, 20999, 'Occasion', 806, 13, 258, 6, 2),
(898, 2024, 4318, 28999, 'Occasion', 806, 13, 258, 6, 1),
(899, 2019, 55050, 18999, 'Occasion', 806, 13, 258, 1, 2),
(900, 2019, 82796, 10999, 'Occasion', 804, 10, 278, 1, 2),
(901, 2022, 35443, 18999, 'Occasion', 800, 9, 216, 1, 2),
(902, 2018, 67989, 10499, 'Occasion', 804, 10, 337, 1, 2),
(903, 2022, 19631, 26799, 'Occasion', 807, 22, 338, 4, 1),
(904, 2023, 28282, 23299, 'Occasion', 807, 22, 256, 4, 1),
(905, 2020, 75464, 18999, 'Occasion', 804, 25, 208, 7, 2),
(906, 2019, 9630, 12799, 'Occasion', 804, 44, 215, 1, 2),
(907, 2019, 55487, 11499, 'Occasion', 804, 10, 245, 1, 2),
(908, 2023, 21691, 18699, 'Occasion', 804, 10, 205, 1, 2),
(909, 2021, 97441, 21299, 'Occasion', 804, 25, 281, 7, 1),
(910, 2018, 58275, 19999, 'Occasion', 805, 19, 339, 1, 1),
(911, 2024, 16394, 17999, 'Occasion', 804, 10, 280, 1, 2),
(912, 2023, 21739, 17699, 'Occasion', 800, 4, 294, 1, 2),
(913, 2019, 62071, 13999, 'Occasion', 807, 45, 340, 4, 1),
(914, 2024, 15494, 17999, 'Occasion', 804, 10, 280, 1, 2),
(915, 2022, 23000, 20199, 'Occasion', 814, 46, 341, 6, 2),
(916, 2020, 32294, 13999, 'Occasion', 804, 10, 215, 1, 2),
(917, 2023, 20344, 17699, 'Occasion', 804, 10, 215, 1, 2),
(918, 2023, 15476, 18699, 'Occasion', 804, 10, 205, 1, 2),
(919, 2018, 127786, 10299, 'Occasion', 804, 10, 215, 1, 2),
(920, 2023, 6424, 24499, 'Occasion', 810, 28, 342, 2, 1),
(921, 2021, 50692, 20299, 'Occasion', 807, 22, 256, 4, 1),
(922, 2021, 43435, 23799, 'Occasion', 807, 22, 231, 4, 1),
(923, 2019, 91395, 13499, 'Occasion', 804, 10, 215, 1, 1),
(924, 2017, 105325, 10999, 'Occasion', 803, 32, 218, 7, 2),
(925, 2023, 21801, 18699, 'Occasion', 804, 10, 205, 1, 2),
(926, 2021, 43130, 20499, 'Occasion', 807, 22, 256, 4, 1),
(927, 2020, 73285, 14599, 'Occasion', 800, 9, 301, 1, 2),
(928, 2022, 25475, 15399, 'Occasion', 800, 4, 318, 3, 2),
(929, 2023, 20189, 17499, 'Occasion', 804, 10, 215, 1, 2),
(930, 2019, 58967, 18499, 'Occasion', 807, 47, 213, 4, 1),
(931, 2023, 18188, 18399, 'Occasion', 804, 10, 259, 1, 2),
(932, 2021, 48186, 13999, 'Occasion', 800, 4, 308, 3, 2),
(933, 2023, 5545, 25999, 'Occasion', 803, 39, 201, 6, 1),
(934, 2021, 59823, 25499, 'Occasion', 809, 27, 289, 1, 1),
(935, 2024, 18919, 17999, 'Occasion', 804, 10, 280, 1, 2),
(936, 2023, 21249, 18699, 'Occasion', 804, 10, 205, 1, 2),
(937, 2021, 62575, 12999, 'Occasion', 804, 10, 215, 1, 2),
(938, 2021, 35500, 25999, 'Occasion', 808, 36, 343, 5, 1),
(939, 2022, 14715, 31599, 'Occasion', 812, 34, 313, 5, 1),
(940, 2023, 26758, 18399, 'Occasion', 804, 10, 259, 1, 2),
(941, 2023, 17758, 24699, 'Occasion', 810, 28, 344, 2, 1),
(942, 2021, 45802, 25499, 'Occasion', 808, 36, 345, 6, 1),
(943, 2022, 21591, 17299, 'Occasion', 813, 43, 346, 2, 1),
(944, 2021, 77361, 19299, 'Occasion', 807, 22, 340, 4, 1),
(945, 2023, 24760, 19699, 'Occasion', 804, 48, 281, 1, 1),
(946, 2022, 53015, 29999, 'Occasion', 815, 49, 347, 8, 1),
(947, 2023, 19223, 22299, 'Occasion', 803, 39, 266, 6, 1),
(948, 2019, 18190, 13499, 'Occasion', 807, 45, 348, 1, 2),
(949, 2024, 12782, 17999, 'Occasion', 804, 10, 280, 1, 2),
(950, 2019, 119730, 17499, 'Occasion', 805, 19, 206, 7, 1),
(951, 2023, 15, 23999, 'Occasion', 804, 26, 252, 2, 1),
(952, 2017, 26584, 9999, 'Occasion', 813, 43, 349, 1, 2),
(953, 2021, 89206, 14499, 'Occasion', 814, 46, 350, 6, 2),
(954, 2022, 65092, 37999, 'Occasion', 808, 36, 351, 1, 1),
(955, 2024, 15465, 32999, 'Occasion', 805, 19, 221, 6, 1),
(956, 2019, 85100, 17999, 'Occasion', 807, 22, 231, 4, 1),
(957, 2019, 114970, 13599, 'Occasion', 800, 9, 352, 1, 2),
(958, 2022, 23122, 21699, 'Occasion', 803, 39, 211, 1, 1),
(959, 2021, 51804, 20299, 'Occasion', 807, 22, 256, 4, 1),
(960, 2018, 55622, 16499, 'Occasion', 808, 37, 345, 1, 2),
(961, 2023, 10, 34299, 'Occasion', 808, 36, 320, 6, 1),
(962, 2023, 25565, 16499, 'Occasion', 800, 4, 294, 3, 2),
(963, 2019, 71019, 29499, 'Occasion', 808, 21, 353, 7, 1),
(964, 2024, 2505, 24299, 'Occasion', 800, 9, 354, 1, 1),
(965, 2023, 19342, 24199, 'Occasion', 807, 22, 256, 4, 1),
(966, 2018, 62784, 17999, 'Occasion', 799, 3, 355, 1, 2),
(967, 2022, 42001, 22999, 'Occasion', 803, 39, 356, 4, 1),
(968, 2023, 15248, 27699, 'Occasion', 803, 39, 356, 4, 1),
(969, 2021, 43115, 11499, 'Occasion', 813, 43, 349, 6, 2),
(970, 2023, 30060, 23499, 'Occasion', 803, 39, 201, 6, 1),
(971, 2022, 32850, 31499, 'Occasion', 816, 50, 357, 7, 1),
(972, 2024, 4860, 36999, 'Occasion', 809, 27, 358, 6, 1),
(973, 2021, 13924, 10999, 'Occasion', 803, 23, 218, 2, 1),
(974, 2023, 21185, 37999, 'Occasion', 807, 33, 331, 4, 1),
(975, 2020, 29000, 23499, 'Occasion', 808, 36, 320, 5, 1),
(976, 2018, 54710, 10399, 'Occasion', 813, 43, 359, 1, 2),
(977, 2022, 24714, 21699, 'Occasion', 803, 39, 211, 1, 1),
(978, 2021, 39531, 28699, 'Occasion', 812, 34, 313, 5, 1),
(979, 2021, 24500, 31399, 'Occasion', 811, 29, 268, 5, 1),
(980, 2021, 30005, 19499, 'Occasion', 803, 39, 319, 6, 1),
(981, 2015, 79719, 10299, 'Occasion', 803, 23, 276, 1, 1),
(982, 2017, 73715, 12999, 'Occasion', 803, 38, 223, 1, 2),
(983, 2022, 30878, 22899, 'Occasion', 803, 39, 223, 4, 1),
(984, 2020, 72852, 9999, 'Occasion', 810, 51, 360, 1, 2),
(985, 2022, 28790, 30399, 'Occasion', 816, 50, 361, 5, 1),
(986, 2021, 43240, 36099, 'Occasion', 808, 21, 362, 5, 1),
(987, 2017, 104263, 18499, 'Occasion', 809, 27, 363, 7, 1),
(988, 2022, 31989, 23499, 'Occasion', 803, 39, 254, 6, 1),
(989, 2021, 29176, 21699, 'Occasion', 803, 39, 227, 4, 1),
(990, 2024, 23345, 26030, 'Occasion', 808, 36, 298, 1, 2),
(991, 2024, 3857, 28999, 'Occasion', 810, 28, 364, 6, 1),
(992, 2023, 24669, 30499, 'Occasion', 808, 36, 365, 1, 1),
(993, 2022, 35365, 31999, 'Occasion', 798, 52, 194, 5, 1),
(994, 2017, 90950, 12499, 'Occasion', 803, 32, 223, 1, 1),
(995, 2024, 12913, 31499, 'Occasion', 815, 49, 366, 6, 1),
(996, 2023, 6212, 30999, 'Occasion', 802, 6, 199, 2, 1),
(997, 2021, 10833, 10999, 'Occasion', 803, 23, 218, 2, 1),
(998, 2021, 10532, 15299, 'Occasion', 808, 37, 367, 1, 2),
(999, 2021, 61923, 22999, 'Occasion', 808, 36, 298, 7, 1),
(1000, 2023, 18181, 23699, 'Occasion', 803, 39, 266, 4, 1),
(1001, 2020, 26406, 21499, 'Occasion', 808, 36, 368, 1, 2),
(1002, 2022, 4060, 22499, 'Occasion', 808, 36, 369, 1, 2),
(1003, 2021, 35095, 19999, 'Occasion', 803, 53, 223, 1, 1),
(1004, 2017, 111883, 9999, 'Occasion', 803, 53, 227, 1, 2),
(1005, 2021, 17085, 10299, 'Occasion', 800, 30, 370, 2, 1),
(1006, 2022, 19655, 22499, 'Occasion', 807, 47, 256, 4, 1),
(1007, 2023, 23480, 29999, 'Occasion', 808, 36, 365, 1, 1),
(1008, 2023, 44487, 16399, 'Occasion', 804, 48, 245, 1, 1),
(1009, 2022, 88690, 24599, 'Occasion', 811, 29, 371, 7, 2),
(1010, 2020, 9504, 16199, 'Occasion', 803, 17, 218, 2, 1),
(1011, 2019, 150355, 17999, 'Occasion', 812, 34, 372, 7, 1),
(1012, 2020, 17285, 20999, 'Occasion', 808, 36, 368, 1, 2),
(1013, 2021, 14930, 16499, 'Occasion', 813, 43, 335, 2, 1),
(1014, 2016, 127154, 10699, 'Occasion', 803, 53, 223, 1, 2),
(1015, 2020, 47920, 11599, 'Occasion', 813, 43, 349, 6, 2),
(1016, 2020, 30775, 14499, 'Occasion', 798, 54, 193, 1, 2),
(1017, 2023, 42132, 22499, 'Occasion', 803, 39, 201, 6, 1),
(1018, 2020, 47885, 24499, 'Occasion', 815, 49, 373, 8, 1),
(1019, 2018, 81206, 20999, 'Occasion', 812, 34, 374, 7, 1),
(1020, 2018, 110835, 10299, 'Occasion', 798, 54, 207, 1, 1),
(1021, 2015, 96725, 11499, 'Occasion', 810, 28, 375, 7, 2),
(1022, 2022, 9189, 12799, 'Occasion', 803, 23, 322, 2, 1),
(1023, 2024, 4805, 37999, 'Occasion', 809, 27, 376, 6, 1),
(1024, 2023, 18725, 23699, 'Occasion', 803, 39, 266, 4, 1),
(1025, 2021, 22660, 12999, 'Occasion', 813, 43, 377, 6, 2),
(1026, 2021, 32380, 18499, 'Occasion', 813, 43, 378, 2, 1),
(1027, 2024, 22251, 14599, 'Occasion', 813, 43, 377, 6, 2),
(1028, 2018, 122457, 18999, 'Occasion', 812, 34, 374, 7, 1),
(1029, 2021, 56586, 32999, 'Occasion', 808, 21, 379, 7, 1),
(1030, 2020, 60840, 31999, 'Occasion', 808, 21, 380, 7, 1),
(1031, 2023, 6502, 20499, 'Occasion', 813, 43, 346, 2, 1),
(1032, 2022, 12008, 11199, 'Occasion', 803, 23, 381, 2, 1),
(1033, 2016, 30692, 7999, 'Occasion', 803, 17, 227, 2, 1),
(1034, 2021, 20420, 21499, 'Occasion', 808, 36, 368, 1, 2),
(1035, 2022, 82081, 22499, 'Occasion', 808, 36, 307, 7, 2),
(1036, 2021, 36450, 29999, 'Occasion', 812, 34, 374, 5, 1),
(1037, 2023, 11933, 23499, 'Occasion', 808, 36, 298, 1, 2),
(1038, 2022, 16397, 15499, 'Occasion', 803, 17, 322, 2, 1),
(1039, 2020, 100326, 25999, 'Occasion', 808, 21, 382, 7, 1),
(1040, 2021, 54605, 30399, 'Occasion', 812, 34, 374, 5, 1),
(1041, 2021, 41192, 15499, 'Occasion', 810, 28, 342, 1, 2),
(1042, 2023, 13247, 23499, 'Occasion', 808, 36, 298, 1, 2),
(1043, 2023, 12775, 15499, 'Occasion', 810, 51, 364, 1, 2),
(1044, 2022, 13328, 16099, 'Occasion', 813, 43, 377, 6, 2),
(1045, 2020, 56408, 9799, 'Occasion', 803, 17, 218, 2, 1),
(1046, 2023, 13280, 12999, 'Occasion', 803, 23, 381, 2, 1),
(1047, 2020, 116694, 22199, 'Occasion', 808, 21, 383, 7, 1),
(1048, 2021, 28815, 15499, 'Occasion', 813, 43, 335, 2, 1),
(1049, 2022, 41532, 12499, 'Occasion', 813, 43, 384, 6, 2),
(1050, 2020, 75464, 20099, 'Occasion', 812, 34, 291, 8, 1),
(1051, 2024, 4806, 24399, 'Occasion', 798, 54, 193, 1, 1),
(1052, 2024, 3318, 27999, 'Occasion', 798, 54, 195, 6, 1),
(1053, 2018, 84016, 21999, 'Occasion', 807, 33, 286, 4, 1),
(1054, 2015, 91611, 17999, 'Occasion', 809, 55, 385, 1, 1),
(1055, 2022, 71598, 22999, 'Occasion', 811, 29, 371, 1, 2),
(1056, 2022, 4208, 35999, 'Occasion', 799, 3, 386, 7, 1),
(1057, 2021, 8726, 10999, 'Occasion', 800, 30, 387, 2, 1),
(1058, 2021, 11205, 13499, 'Occasion', 813, 43, 388, 2, 1),
(1059, 2021, 27010, 30399, 'Occasion', 811, 29, 268, 5, 1),
(1060, 2021, 59037, 26999, 'Occasion', 805, 19, 389, 5, 1),
(1061, 2018, 139670, 18499, 'Occasion', 808, 56, 390, 7, 1),
(1062, 2018, 116965, 13699, 'Occasion', 805, 11, 391, 1, 2),
(1063, 2024, 5805, 23999, 'Occasion', 798, 54, 193, 1, 1),
(1064, 2018, 32083, 14999, 'Occasion', 803, 53, 392, 1, 2),
(1065, 2017, 49755, 13999, 'Occasion', 816, 57, 393, 1, 1),
(1066, 2023, 43457, 30999, 'Occasion', 807, 33, 256, 4, 1),
(1067, 2021, 43012, 28099, 'Occasion', 812, 34, 291, 5, 1),
(1068, 2021, 29171, 30999, 'Occasion', 812, 34, 394, 5, 1),
(1069, 2021, 50286, 27999, 'Occasion', 812, 34, 313, 5, 1),
(1070, 2020, 56669, 16999, 'Occasion', 814, 46, 395, 6, 2),
(1071, 2020, 43103, 27999, 'Occasion', 809, 27, 396, 1, 1),
(1072, 2019, 106798, 18999, 'Occasion', 809, 27, 397, 1, 2),
(1073, 2020, 61270, 27099, 'Occasion', 808, 21, 380, 1, 1),
(1074, 2020, 86263, 19499, 'Occasion', 808, 37, 362, 1, 1),
(1075, 2023, 15225, 33999, 'Occasion', 816, 57, 361, 5, 1),
(1076, 2020, 41240, 19999, 'Occasion', 803, 53, 267, 7, 1),
(1077, 2022, 64161, 23299, 'Occasion', 808, 56, 369, 1, 1),
(1078, 2023, 14564, 31899, 'Occasion', 816, 57, 361, 1, 1),
(1079, 2022, 100215, 21499, 'Occasion', 809, 27, 398, 1, 1),
(1080, 2017, 122451, 9999, 'Occasion', 798, 54, 224, 1, 2),
(1081, 2022, 19720, 13499, 'Occasion', 813, 43, 384, 6, 2),
(1082, 2021, 47619, 30699, 'Occasion', 812, 34, 316, 5, 1),
(1083, 2020, 32215, 11999, 'Occasion', 803, 23, 399, 2, 1),
(1084, 2021, 32722, 26399, 'Occasion', 808, 36, 382, 5, 1),
(1085, 2017, 123250, 12699, 'Occasion', 803, 53, 223, 7, 2),
(1086, 2020, 29825, 18999, 'Occasion', 813, 43, 378, 2, 1),
(1087, 2023, 7445, 29999, 'Occasion', 798, 54, 194, 5, 1),
(1088, 2019, 136285, 12499, 'Occasion', 803, 53, 211, 7, 2),
(1089, 2022, 24815, 22499, 'Occasion', 798, 58, 194, 2, 1),
(1090, 2022, 14008, 26999, 'Occasion', 811, 29, 400, 5, 1),
(1091, 2023, 6260, 30499, 'Occasion', 798, 54, 194, 5, 1),
(1092, 2023, 10326, 23499, 'Occasion', 808, 36, 298, 1, 2),
(1093, 2019, 46337, 18999, 'Occasion', 805, 19, 389, 1, 2),
(1094, 2020, 47728, 27299, 'Occasion', 816, 50, 401, 5, 1),
(1095, 2020, 92151, 14999, 'Occasion', 814, 46, 350, 6, 2),
(1096, 2020, 42025, 14799, 'Occasion', 798, 54, 224, 1, 1),
(1097, 2021, 35490, 15999, 'Occasion', 810, 51, 342, 2, 1),
(1098, 2022, 5363, 28099, 'Occasion', 808, 21, 298, 1, 2),
(1099, 2016, 110045, 8999, 'Occasion', 804, 44, 402, 1, 2),
(1100, 2022, 105621, 23199, 'Occasion', 811, 29, 400, 1, 1),
(1101, 2020, 126640, 12999, 'Occasion', 798, 54, 222, 7, 1),
(1102, 2021, 71424, 12999, 'Occasion', 813, 43, 349, 1, 1),
(1103, 2024, 24669, 23199, 'Occasion', 810, 28, 344, 1, 1),
(1104, 2023, 9569, 46299, 'Occasion', 807, 33, 338, 4, 1),
(1105, 2021, 51410, 17999, 'Occasion', 814, 46, 403, 6, 2),
(1106, 2023, 13403, 23499, 'Occasion', 808, 36, 298, 1, 2),
(1107, 2021, 31704, 31799, 'Occasion', 812, 34, 316, 5, 1),
(1108, 2024, 4992, 27599, 'Occasion', 798, 54, 195, 6, 1),
(1109, 2020, 38535, 21999, 'Occasion', 807, 47, 331, 4, 1),
(1110, 2018, 75795, 13499, 'Occasion', 803, 38, 276, 1, 2),
(1111, 2024, 6210, 27999, 'Occasion', 798, 54, 195, 7, 1),
(1112, 2018, 20210, 14999, 'Occasion', 817, 59, 404, 1, 2),
(1113, 2018, 122355, 13499, 'Occasion', 798, 54, 235, 7, 1),
(1114, 2024, 6374, 21699, 'Occasion', 810, 51, 364, 6, 1),
(1115, 2017, 124275, 9499, 'Occasion', 798, 54, 210, 1, 2),
(1116, 2017, 78377, 13999, 'Occasion', 803, 53, 267, 1, 2),
(1117, 2022, 25675, 12999, 'Occasion', 813, 43, 405, 6, 2),
(1118, 2017, 86601, 11999, 'Occasion', 803, 32, 276, 7, 2),
(1119, 2023, 15636, 15899, 'Occasion', 810, 60, 364, 1, 2),
(1120, 2023, 30598, 27099, 'Occasion', 799, 3, 196, 1, 1),
(1121, 2021, 33811, 16699, 'Occasion', 810, 51, 406, 2, 1),
(1122, 2022, 54161, 19499, 'Occasion', 814, 46, 341, 4, 2),
(1123, 2019, 20988, 13099, 'Occasion', 803, 17, 407, 2, 1),
(1124, 2021, 47716, 30699, 'Occasion', 812, 34, 316, 5, 1),
(1125, 2022, 37040, 20999, 'Occasion', 803, 38, 201, 7, 1),
(1126, 2023, 5185, 30999, 'Occasion', 798, 54, 194, 5, 1),
(1127, 2021, 70718, 26499, 'Occasion', 805, 19, 206, 7, 1),
(1128, 2023, 29905, 26499, 'Occasion', 798, 54, 202, 7, 1),
(1129, 2023, 7693, 24999, 'Occasion', 808, 61, 408, 1, 1),
(1130, 2024, 5875, 26999, 'Occasion', 798, 54, 195, 6, 1),
(1131, 2018, 142172, 19999, 'Occasion', 809, 27, 397, 1, 1),
(1132, 2018, 83620, 13499, 'Occasion', 812, 62, 374, 1, 2),
(1133, 2023, 32476, 22699, 'Occasion', 807, 47, 256, 1, 1),
(1134, 2021, 2889, 11499, 'Occasion', 815, 63, 409, 1, 2),
(1135, 2021, 49205, 31699, 'Occasion', 812, 34, 374, 5, 1),
(1136, 2020, 47625, 14999, 'Occasion', 798, 54, 224, 1, 1),
(1137, 2016, 137755, 13999, 'Occasion', 803, 53, 410, 7, 1),
(1138, 2021, 17279, 19999, 'Occasion', 798, 54, 202, 7, 2),
(1139, 2023, 8725, 28299, 'Occasion', 804, 48, 205, 5, 1),
(1140, 2022, 23475, 16999, 'Occasion', 810, 51, 411, 2, 1),
(1141, 2016, 55625, 14499, 'Occasion', 803, 53, 412, 1, 1),
(1142, 2024, 5855, 29999, 'Occasion', 798, 54, 194, 5, 1),
(1143, 2021, 32815, 19999, 'Occasion', 818, 64, 413, 6, 1),
(1144, 2021, 29475, 19499, 'Occasion', 814, 46, 341, 6, 2),
(1145, 2021, 35268, 12199, 'Occasion', 803, 23, 227, 2, 1),
(1146, 2023, 47442, 30499, 'Occasion', 798, 52, 414, 5, 1),
(1147, 2020, 67099, 28499, 'Occasion', 809, 27, 396, 7, 1),
(1148, 2017, 99537, 11799, 'Occasion', 806, 65, 258, 1, 1),
(1149, 2024, 7185, 17299, 'Occasion', 810, 51, 364, 1, 2),
(1150, 2022, 13564, 32999, 'Occasion', 798, 54, 269, 5, 1),
(1151, 2020, 102735, 13999, 'Occasion', 810, 51, 406, 1, 1),
(1152, 2021, 47353, 18999, 'Occasion', 807, 47, 340, 4, 1),
(1153, 2018, 99281, 10499, 'Occasion', 798, 54, 224, 1, 2),
(1154, 2020, 35800, 11999, 'Occasion', 803, 23, 227, 2, 1),
(1155, 2021, 76655, 21899, 'Occasion', 805, 19, 221, 7, 2),
(1156, 2022, 98524, 17499, 'Occasion', 803, 53, 266, 7, 1),
(1157, 2024, 14320, 30999, 'Occasion', 805, 42, 221, 1, 1),
(1158, 2023, 22175, 25999, 'Occasion', 804, 48, 272, 5, 1),
(1159, 2021, 80420, 14799, 'Occasion', 798, 54, 220, 7, 2),
(1160, 2024, 18, 25099, 'Occasion', 798, 54, 220, 1, 1),
(1161, 2024, 3693, 28399, 'Occasion', 798, 54, 193, 7, 1),
(1162, 2018, 39505, 12999, 'Occasion', 817, 59, 415, 1, 2),
(1163, 2020, 80510, 19999, 'Occasion', 805, 19, 416, 7, 1),
(1164, 2019, 59850, 17299, 'Occasion', 803, 53, 223, 7, 2),
(1165, 2021, 31035, 12499, 'Occasion', 803, 23, 223, 2, 1),
(1166, 2019, 55466, 22999, 'Occasion', 799, 40, 417, 1, 2),
(1167, 2021, 49985, 18499, 'Occasion', 798, 54, 193, 7, 1),
(1168, 2021, 19328, 17799, 'Occasion', 810, 51, 418, 2, 1),
(1169, 2023, 6670, 30999, 'Occasion', 798, 54, 194, 5, 1),
(1170, 2017, 80729, 13299, 'Occasion', 803, 53, 223, 1, 1),
(1171, 2023, 13013, 24999, 'Occasion', 819, 66, 419, 2, 1),
(1172, 2019, 63886, 12199, 'Occasion', 803, 32, 227, 1, 2),
(1173, 2024, 9725, 17499, 'Occasion', 810, 51, 364, 1, 2),
(1174, 2021, 14291, 11699, 'Occasion', 803, 23, 218, 2, 1),
(1175, 2021, 45851, 18299, 'Occasion', 804, 26, 274, 7, 2),
(1176, 2022, 9000, 29399, 'Occasion', 811, 29, 371, 5, 1),
(1177, 2017, 113005, 35999, 'Occasion', 801, 67, 420, 2, 1),
(1178, 2021, 46105, 15499, 'Occasion', 817, 68, 421, 1, 1),
(1179, 2018, 74598, 11299, 'Occasion', 798, 54, 195, 1, 2),
(1180, 2022, 36290, 28999, 'Occasion', 811, 29, 268, 5, 1),
(1181, 2020, 72494, 12299, 'Occasion', 803, 32, 227, 1, 2),
(1182, 2022, 42864, 13999, 'Occasion', 810, 51, 422, 1, 2),
(1183, 2018, 60900, 8499, 'Occasion', 803, 17, 223, 2, 1),
(1184, 2022, 26262, 12799, 'Occasion', 803, 23, 322, 2, 1),
(1185, 2017, 68670, 15499, 'Occasion', 808, 37, 423, 1, 1),
(1186, 2020, 123367, 12499, 'Occasion', 798, 54, 193, 7, 2),
(1187, 2024, 13690, 30699, 'Occasion', 799, 3, 386, 1, 1),
(1188, 2019, 51800, 14499, 'Occasion', 798, 54, 224, 1, 1),
(1189, 2023, 15876, 15299, 'Occasion', 810, 51, 364, 1, 2),
(1190, 2019, 55555, 14799, 'Occasion', 798, 54, 224, 1, 1),
(1191, 2023, 6258, 24499, 'Occasion', 798, 52, 202, 1, 1),
(1192, 2018, 11836, 14499, 'Occasion', 803, 38, 276, 1, 2),
(1193, 2018, 104482, 10999, 'Occasion', 804, 44, 215, 1, 1),
(1194, 2017, 113200, 11499, 'Occasion', 808, 37, 424, 1, 2),
(1195, 2021, 40190, 33999, 'Occasion', 816, 50, 425, 5, 1),
(1196, 2021, 86521, 14799, 'Occasion', 814, 46, 350, 6, 2),
(1197, 2018, 145845, 12199, 'Occasion', 803, 53, 223, 1, 1),
(1198, 2017, 121085, 11999, 'Occasion', 803, 38, 211, 7, 2),
(1199, 2023, 26890, 29999, 'Occasion', 805, 19, 206, 6, 1),
(1200, 2017, 83000, 17999, 'Occasion', 806, 69, 209, 7, 1),
(1201, 2017, 35589, 14699, 'Occasion', 803, 53, 223, 1, 2),
(1202, 2023, 10123, 12399, 'Occasion', 800, 30, 283, 2, 1),
(1203, 2023, 35259, 33999, 'Occasion', 798, 52, 194, 5, 1),
(1204, 2019, 45239, 13499, 'Occasion', 798, 54, 224, 1, 2),
(1205, 2017, 75952, 14499, 'Occasion', 803, 53, 223, 1, 1),
(1206, 2020, 11550, 10699, 'Occasion', 800, 30, 426, 2, 1),
(1207, 2021, 46053, 26099, 'Occasion', 809, 27, 289, 7, 1),
(1208, 2019, 120994, 12499, 'Occasion', 798, 54, 193, 7, 2),
(1209, 2020, 119686, 13999, 'Occasion', 803, 53, 427, 7, 1),
(1210, 2016, 93442, 13999, 'Occasion', 803, 53, 211, 7, 2),
(1211, 2020, 71817, 14999, 'Occasion', 814, 46, 350, 4, 2),
(1212, 2018, 31636, 15499, 'Occasion', 803, 53, 223, 1, 2),
(1213, 2017, 37625, 15499, 'Occasion', 803, 70, 223, 1, 2),
(1214, 2018, 43305, 16499, 'Occasion', 804, 26, 428, 1, 2),
(1215, 2024, 7536, 28999, 'Occasion', 798, 52, 194, 1, 1),
(1216, 2023, 19240, 34199, 'Occasion', 816, 57, 429, 5, 1),
(1217, 2021, 19416, 13699, 'Occasion', 803, 23, 227, 2, 1),
(1218, 2021, 40993, 19999, 'Occasion', 803, 53, 223, 1, 1),
(1219, 2022, 42959, 32999, 'Occasion', 808, 56, 320, 7, 1),
(1220, 2023, 45183, 21999, 'Occasion', 807, 47, 256, 4, 1),
(1221, 2022, 50657, 13299, 'Occasion', 810, 51, 430, 1, 2),
(1222, 2021, 36619, 16799, 'Occasion', 820, 71, 431, 1, 2),
(1223, 2021, 68148, 22499, 'Occasion', 805, 19, 221, 1, 2),
(1224, 2017, 51360, 15499, 'Occasion', 803, 53, 223, 1, 1),
(1225, 2022, 36138, 22499, 'Occasion', 808, 37, 365, 1, 1),
(1226, 2023, 10, 29599, 'Occasion', 814, 72, 341, 1, 2),
(1227, 2022, 12550, 32499, 'Occasion', 809, 27, 396, 1, 1),
(1228, 2023, 4440, 28499, 'Occasion', 804, 48, 261, 5, 1),
(1229, 2020, 79067, 19899, 'Occasion', 806, 69, 300, 7, 1),
(1230, 2019, 62615, 18499, 'Occasion', 803, 53, 223, 7, 1),
(1231, 2021, 53689, 16799, 'Occasion', 803, 53, 432, 1, 2),
(1232, 2021, 87624, 16999, 'Occasion', 798, 54, 193, 7, 1),
(1233, 2023, 9601, 24799, 'Occasion', 808, 61, 408, 1, 1),
(1234, 2021, 19500, 17999, 'Occasion', 810, 51, 418, 2, 1),
(1235, 2019, 71268, 15499, 'Occasion', 803, 38, 211, 1, 1),
(1236, 2020, 130942, 13299, 'Occasion', 803, 53, 211, 7, 2),
(1237, 2021, 55813, 12999, 'Occasion', 798, 54, 220, 1, 2),
(1238, 2018, 37380, 12799, 'Occasion', 803, 32, 276, 1, 2),
(1239, 2019, 108446, 14999, 'Occasion', 808, 37, 433, 1, 1),
(1240, 2019, 51744, 18499, 'Occasion', 798, 54, 193, 7, 1),
(1241, 2022, 29744, 29999, 'Occasion', 811, 29, 268, 5, 1),
(1242, 2016, 32815, 9299, 'Occasion', 810, 51, 434, 1, 2),
(1243, 2020, 39882, 23299, 'Occasion', 809, 27, 289, 1, 2),
(1244, 2019, 42475, 12999, 'Occasion', 804, 44, 215, 1, 1),
(1245, 2021, 51250, 28999, 'Occasion', 807, 33, 256, 4, 1),
(1246, 2019, 114519, 16999, 'Occasion', 799, 3, 435, 7, 2),
(1247, 2019, 55730, 16599, 'Occasion', 803, 53, 223, 1, 2),
(1248, 2018, 85481, 10499, 'Occasion', 816, 57, 436, 1, 2),
(1249, 2021, 40450, 13799, 'Occasion', 810, 51, 302, 1, 2),
(1250, 2022, 66735, 13999, 'Occasion', 810, 51, 430, 1, 2),
(1251, 2022, 50920, 21999, 'Occasion', 812, 62, 374, 8, 1),
(1252, 2019, 72714, 15799, 'Occasion', 798, 54, 275, 1, 1),
(1253, 2016, 28544, 13499, 'Occasion', 803, 38, 267, 1, 2),
(1254, 2021, 72583, 30999, 'Occasion', 805, 19, 437, 7, 1),
(1255, 2021, 34280, 21499, 'Occasion', 808, 56, 390, 1, 2),
(1256, 2019, 37056, 21499, 'Occasion', 808, 37, 365, 1, 1),
(1257, 2019, 55503, 15799, 'Occasion', 798, 54, 275, 1, 2),
(1258, 2021, 99386, 21699, 'Occasion', 815, 49, 373, 8, 1),
(1259, 2018, 91771, 14499, 'Occasion', 803, 53, 223, 1, 1),
(1260, 2024, 3101, 24399, 'Occasion', 798, 54, 193, 1, 1),
(1261, 2024, 6932, 17299, 'Occasion', 810, 51, 364, 1, 2),
(1262, 2018, 119620, 10899, 'Occasion', 804, 44, 208, 7, 2),
(1263, 2020, 50897, 17999, 'Occasion', 808, 61, 390, 1, 2),
(1264, 2020, 116520, 16999, 'Occasion', 807, 47, 329, 4, 1),
(1265, 2021, 19410, 15499, 'Occasion', 808, 37, 311, 1, 2),
(1266, 2019, 67506, 16499, 'Occasion', 803, 53, 438, 1, 2),
(1267, 2018, 93783, 7999, 'Occasion', 803, 17, 223, 2, 1),
(1268, 2016, 47904, 7499, 'Occasion', 803, 17, 227, 2, 1),
(1269, 2021, 39325, 20499, 'Occasion', 803, 53, 223, 1, 1),
(1270, 2020, 52903, 18799, 'Occasion', 807, 47, 329, 4, 1),
(1271, 2021, 21362, 28499, 'Occasion', 815, 49, 439, 6, 1),
(1272, 2020, 53268, 13799, 'Occasion', 803, 17, 223, 2, 1),
(1273, 2024, 2594, 25399, 'Occasion', 798, 52, 193, 1, 1),
(1274, 2022, 45625, 28899, 'Occasion', 816, 50, 440, 1, 1),
(1275, 2022, 54903, 21999, 'Occasion', 804, 48, 215, 5, 1),
(1276, 2023, 10, 44799, 'Occasion', 821, 73, 441, 6, 1),
(1277, 2023, 15637, 18999, 'Occasion', 808, 37, 298, 1, 2),
(1278, 2021, 85015, 27499, 'Occasion', 807, 33, 256, 4, 1),
(1279, 2021, 71395, 16199, 'Occasion', 798, 54, 202, 1, 2),
(1280, 2024, 3064, 25399, 'Occasion', 798, 52, 193, 1, 1),
(1281, 2017, 70525, 49999, 'Occasion', 805, 74, 442, 1, 1),
(1282, 2019, 71137, 15199, 'Occasion', 803, 53, 227, 1, 2),
(1283, 2021, 56105, 18799, 'Occasion', 803, 53, 223, 1, 2),
(1284, 2020, 35315, 12799, 'Occasion', 804, 44, 443, 1, 2),
(1285, 2024, 7296, 17499, 'Occasion', 810, 51, 364, 1, 2),
(1286, 2020, 43010, 10499, 'Occasion', 803, 17, 211, 2, 1),
(1287, 2023, 30285, 31499, 'Occasion', 809, 27, 358, 6, 1),
(1288, 2020, 100642, 25999, 'Occasion', 805, 19, 265, 7, 1),
(1289, 2018, 135881, 11999, 'Occasion', 808, 37, 444, 7, 2),
(1290, 2021, 24594, 17799, 'Occasion', 810, 51, 418, 2, 1),
(1291, 2017, 97825, 12499, 'Occasion', 803, 53, 445, 1, 1),
(1292, 2020, 83640, 33999, 'Occasion', 801, 5, 446, 2, 1),
(1293, 2017, 29082, 8299, 'Occasion', 803, 17, 218, 2, 1),
(1294, 2022, 63070, 13999, 'Occasion', 817, 59, 404, 1, 2),
(1295, 2017, 98759, 18499, 'Occasion', 806, 69, 309, 7, 1),
(1296, 2019, 23396, 15499, 'Occasion', 804, 44, 215, 7, 2),
(1297, 2024, 237, 22499, 'Occasion', 800, 41, 283, 1, 2),
(1298, 2022, 9075, 19999, 'Occasion', 806, 65, 258, 1, 1),
(1299, 2022, 49260, 13299, 'Occasion', 810, 51, 430, 1, 2),
(1300, 2020, 59006, 12999, 'Occasion', 810, 51, 406, 1, 2),
(1301, 2021, 85920, 25999, 'Occasion', 801, 5, 447, 2, 1),
(1302, 2020, 16543, 28999, 'Occasion', 805, 19, 448, 5, 1),
(1303, 2021, 76531, 15499, 'Occasion', 815, 75, 373, 6, 1),
(1304, 2022, 56612, 25699, 'Occasion', 816, 50, 440, 7, 1),
(1305, 2019, 34055, 9499, 'Occasion', 803, 17, 211, 2, 1),
(1306, 2022, 33315, 23499, 'Occasion', 816, 76, 449, 1, 1),
(1307, 2016, 70767, 11899, 'Occasion', 810, 51, 450, 1, 1),
(1308, 2021, 11165, 20499, 'Occasion', 816, 76, 357, 2, 1),
(1309, 2024, 12927, 36999, 'Occasion', 809, 27, 396, 6, 1),
(1310, 2023, 16242, 41699, 'Occasion', 807, 33, 260, 4, 1),
(1311, 2023, 45228, 18399, 'Occasion', 804, 48, 281, 1, 1),
(1312, 2018, 81917, 7999, 'Occasion', 803, 17, 223, 2, 1),
(1313, 2023, 5602, 27499, 'Occasion', 798, 52, 194, 1, 1),
(1314, 2019, 54288, 23499, 'Occasion', 799, 77, 435, 7, 1),
(1315, 2020, 96755, 25999, 'Occasion', 801, 5, 447, 2, 1),
(1316, 2021, 2751, 11699, 'Occasion', 800, 30, 387, 2, 1),
(1317, 2017, 106580, 14999, 'Occasion', 809, 27, 451, 7, 2),
(1318, 2024, 6553, 17299, 'Occasion', 810, 51, 364, 1, 2),
(1319, 2017, 64390, 12499, 'Occasion', 813, 78, 452, 1, 2),
(1320, 2019, 61999, 14999, 'Occasion', 808, 79, 311, 1, 2),
(1321, 2019, 23751, 12499, 'Occasion', 810, 51, 411, 1, 2),
(1322, 2018, 85949, 10299, 'Occasion', 804, 80, 208, 1, 2),
(1323, 2021, 80634, 20999, 'Occasion', 807, 47, 338, 4, 1),
(1324, 2019, 126164, 12999, 'Occasion', 817, 59, 453, 7, 2),
(1325, 2019, 58487, 12699, 'Occasion', 804, 44, 215, 1, 1),
(1326, 2018, 126300, 22499, 'Occasion', 816, 50, 454, 7, 1),
(1327, 2023, 4715, 28499, 'Occasion', 804, 48, 205, 5, 1),
(1328, 2019, 71874, 18499, 'Occasion', 805, 11, 221, 1, 2),
(1329, 2024, 19798, 36999, 'Occasion', 809, 27, 396, 6, 1),
(1330, 2024, 5210, 27999, 'Occasion', 798, 52, 194, 1, 1),
(1331, 2019, 55919, 18499, 'Occasion', 808, 56, 455, 1, 2),
(1332, 2021, 41397, 21499, 'Occasion', 808, 56, 390, 1, 2),
(1333, 2020, 66186, 22699, 'Occasion', 809, 27, 289, 7, 2),
(1334, 2019, 84230, 27499, 'Occasion', 807, 33, 256, 4, 1),
(1335, 2022, 38117, 17999, 'Occasion', 800, 41, 285, 1, 2),
(1336, 2019, 48268, 14999, 'Occasion', 804, 44, 456, 7, 2),
(1337, 2024, 18555, 36999, 'Occasion', 809, 27, 396, 6, 1),
(1338, 2019, 74234, 19399, 'Occasion', 805, 19, 457, 1, 1),
(1339, 2023, 14774, 26999, 'Occasion', 805, 11, 458, 1, 1),
(1340, 2019, 62690, 9299, 'Occasion', 803, 17, 218, 2, 1),
(1341, 2021, 65810, 18699, 'Occasion', 807, 47, 256, 4, 1),
(1342, 2019, 83324, 13499, 'Occasion', 803, 38, 211, 7, 2),
(1343, 2023, 12827, 27299, 'Occasion', 798, 52, 194, 1, 1),
(1344, 2017, 92925, 14099, 'Occasion', 816, 57, 459, 7, 1),
(1345, 2019, 46580, 11999, 'Occasion', 803, 17, 267, 2, 1),
(1346, 2021, 28675, 12999, 'Occasion', 810, 60, 342, 1, 2),
(1347, 2021, 80335, 23499, 'Occasion', 816, 50, 357, 7, 1),
(1348, 2022, 27985, 10299, 'Occasion', 800, 30, 370, 2, 1),
(1349, 2022, 27753, 33499, 'Occasion', 816, 57, 361, 5, 1),
(1350, 2021, 6506, 11199, 'Occasion', 800, 30, 387, 2, 1),
(1351, 2018, 26873, 20499, 'Occasion', 799, 81, 460, 5, 1),
(1352, 2022, 19350, 23499, 'Occasion', 806, 65, 461, 4, 1),
(1353, 2019, 69563, 15299, 'Occasion', 804, 44, 215, 7, 1),
(1354, 2017, 68726, 15999, 'Occasion', 818, 64, 462, 7, 1),
(1355, 2019, 60966, 24099, 'Occasion', 816, 50, 459, 1, 1),
(1356, 2020, 38161, 13499, 'Occasion', 803, 17, 223, 2, 1),
(1357, 2020, 59542, 26999, 'Occasion', 805, 19, 448, 5, 1),
(1358, 2019, 78265, 20499, 'Occasion', 807, 47, 331, 4, 1),
(1359, 2023, 22696, 10999, 'Occasion', 800, 30, 370, 2, 1),
(1360, 2024, 14096, 30999, 'Occasion', 805, 42, 221, 1, 1),
(1361, 2017, 87870, 12999, 'Occasion', 803, 38, 223, 1, 2),
(1362, 2021, 41625, 20599, 'Occasion', 808, 37, 336, 1, 1),
(1363, 2020, 62450, 23299, 'Occasion', 799, 3, 435, 7, 2),
(1364, 2020, 34641, 24299, 'Occasion', 799, 3, 435, 7, 2),
(1365, 2020, 59916, 16099, 'Occasion', 817, 59, 404, 1, 1),
(1366, 2022, 60574, 13999, 'Occasion', 817, 59, 404, 1, 2),
(1367, 2016, 63390, 13299, 'Occasion', 819, 66, 463, 1, 2),
(1368, 2022, 37910, 28999, 'Occasion', 805, 19, 464, 6, 1),
(1369, 2017, 111998, 13999, 'Occasion', 816, 57, 465, 7, 1),
(1370, 2023, 20490, 25999, 'Occasion', 804, 48, 272, 5, 1),
(1371, 2021, 34537, 28999, 'Occasion', 816, 50, 440, 7, 1),
(1372, 2019, 73564, 21999, 'Occasion', 816, 50, 466, 1, 1),
(1373, 2018, 86211, 11999, 'Occasion', 813, 78, 467, 7, 2),
(1374, 2020, 39763, 11699, 'Occasion', 810, 82, 342, 1, 2),
(1375, 2023, 26280, 18799, 'Occasion', 800, 41, 296, 3, 2),
(1376, 2022, 11190, 17999, 'Occasion', 803, 38, 211, 1, 2),
(1377, 2019, 106805, 15499, 'Occasion', 804, 26, 208, 1, 2),
(1378, 2022, 37331, 20999, 'Occasion', 808, 61, 390, 1, 1),
(1379, 2021, 27098, 17999, 'Occasion', 817, 59, 468, 1, 2),
(1380, 2023, 24605, 18499, 'Occasion', 817, 59, 468, 1, 2),
(1381, 2020, 53700, 11799, 'Occasion', 804, 44, 274, 1, 2),
(1382, 2023, 17570, 35499, 'Occasion', 816, 57, 469, 5, 1),
(1383, 2019, 42800, 20999, 'Occasion', 807, 47, 331, 4, 1),
(1384, 2021, 119122, 20199, 'Occasion', 808, 56, 470, 7, 2),
(1385, 2024, 17561, 20499, 'Occasion', 808, 37, 298, 1, 2),
(1386, 2023, 31710, 25499, 'Occasion', 804, 48, 272, 5, 1),
(1387, 2017, 76005, 20999, 'Occasion', 799, 3, 326, 7, 1),
(1388, 2020, 115103, 19299, 'Occasion', 805, 42, 221, 7, 1),
(1389, 2020, 40410, 20999, 'Occasion', 804, 26, 281, 7, 2),
(1390, 2021, 85500, 23999, 'Occasion', 816, 50, 459, 1, 1),
(1391, 2023, 7950, 27899, 'Occasion', 804, 48, 261, 5, 1),
(1392, 2023, 8885, 27899, 'Occasion', 804, 48, 261, 5, 1),
(1393, 2018, 70245, 14999, 'Occasion', 803, 38, 267, 1, 2),
(1394, 2022, 45364, 23299, 'Occasion', 819, 66, 471, 1, 1),
(1395, 2017, 80308, 13799, 'Occasion', 816, 57, 472, 7, 2),
(1396, 2024, 8372, 25399, 'Occasion', 798, 52, 193, 1, 1),
(1397, 2018, 58548, 12999, 'Occasion', 816, 57, 465, 1, 2),
(1398, 2019, 61278, 12399, 'Occasion', 804, 44, 208, 1, 1),
(1399, 2023, 25891, 19999, 'Occasion', 804, 48, 208, 1, 1),
(1400, 2017, 32577, 10499, 'Occasion', 814, 83, 350, 7, 2),
(1401, 2017, 50226, 7999, 'Occasion', 803, 17, 473, 2, 1),
(1402, 2019, 60940, 19999, 'Occasion', 803, 70, 474, 1, 1),
(1403, 2022, 18955, 34499, 'Occasion', 816, 57, 429, 5, 1),
(1404, 2021, 16665, 10699, 'Occasion', 800, 30, 370, 2, 1),
(1405, 2017, 62413, 8999, 'Occasion', 803, 17, 475, 2, 1),
(1406, 2018, 92723, 19999, 'Occasion', 805, 42, 476, 1, 1),
(1407, 2020, 40294, 22799, 'Occasion', 815, 84, 477, 2, 1),
(1408, 2023, 19834, 15999, 'Occasion', 810, 60, 364, 1, 2),
(1409, 2017, 56856, 18999, 'Occasion', 806, 69, 209, 7, 2),
(1410, 2018, 94260, 12299, 'Occasion', 803, 38, 276, 1, 2),
(1411, 2019, 53523, 14999, 'Occasion', 813, 78, 478, 1, 1),
(1412, 2020, 28590, 11499, 'Occasion', 803, 17, 218, 2, 1),
(1413, 2023, 8300, 27999, 'Occasion', 804, 48, 261, 5, 1),
(1414, 2020, 64824, 14999, 'Occasion', 806, 65, 258, 1, 2),
(1415, 2023, 31457, 20999, 'Occasion', 804, 48, 208, 1, 1),
(1416, 2018, 136790, 17499, 'Occasion', 816, 50, 357, 7, 2),
(1417, 2023, 7315, 27999, 'Occasion', 804, 48, 261, 5, 1),
(1418, 2020, 66879, 11999, 'Occasion', 804, 44, 208, 1, 2),
(1419, 2021, 52794, 28599, 'Occasion', 799, 40, 479, 7, 1),
(1420, 2024, 2622, 20999, 'Occasion', 800, 41, 283, 3, 2),
(1421, 2018, 109060, 19499, 'Occasion', 808, 79, 343, 5, 1),
(1422, 2018, 49627, 13999, 'Occasion', 816, 57, 436, 1, 2),
(1423, 2017, 84573, 14299, 'Occasion', 816, 57, 480, 7, 1),
(1424, 2019, 33558, 13999, 'Occasion', 817, 68, 481, 7, 2),
(1425, 2021, 45185, 30499, 'Occasion', 816, 50, 357, 5, 1),
(1426, 2018, 68745, 16999, 'Occasion', 808, 79, 433, 1, 2),
(1427, 2020, 18950, 18999, 'Occasion', 806, 65, 258, 1, 1),
(1428, 2022, 38000, 30299, 'Occasion', 816, 50, 361, 7, 1),
(1429, 2021, 29913, 29999, 'Occasion', 816, 50, 357, 7, 1),
(1430, 2018, 58560, 16499, 'Occasion', 804, 26, 208, 7, 2),
(1431, 2021, 43515, 28699, 'Occasion', 816, 50, 459, 5, 1),
(1432, 2022, 36318, 15999, 'Occasion', 810, 60, 482, 1, 1),
(1433, 2023, 3673, 26399, 'Occasion', 798, 85, 202, 1, 1),
(1434, 2019, 49120, 13999, 'Occasion', 817, 59, 404, 1, 2),
(1435, 2023, 24693, 18999, 'Occasion', 804, 86, 205, 1, 1),
(1436, 2019, 83495, 17999, 'Occasion', 805, 42, 458, 1, 2),
(1437, 2018, 49478, 19099, 'Occasion', 805, 19, 483, 1, 2),
(1438, 2023, 23563, 52399, 'Occasion', 799, 87, 386, 5, 1),
(1439, 2023, 6635, 28299, 'Occasion', 804, 48, 261, 5, 1),
(1440, 2024, 12000, 44999, 'Occasion', 798, 88, 194, 5, 1),
(1441, 2022, 57510, 20499, 'Occasion', 807, 47, 329, 4, 1),
(1442, 2023, 8100, 28299, 'Occasion', 804, 48, 205, 5, 1),
(1443, 2015, 77725, 18799, 'Occasion', 805, 89, 484, 1, 1),
(1444, 2022, 47009, 21299, 'Occasion', 807, 47, 329, 4, 1),
(1445, 2020, 65165, 24499, 'Occasion', 816, 50, 485, 1, 1),
(1446, 2020, 36940, 15999, 'Occasion', 817, 68, 486, 1, 1),
(1447, 2023, 720, 24399, 'Occasion', 804, 48, 215, 1, 1),
(1448, 2018, 75425, 8299, 'Occasion', 798, 90, 487, 1, 2),
(1449, 2021, 7445, 11299, 'Occasion', 800, 30, 387, 2, 1),
(1450, 2021, 58471, 27599, 'Occasion', 805, 19, 416, 7, 1),
(1451, 2017, 105974, 12799, 'Occasion', 804, 26, 208, 1, 2),
(1452, 2020, 14127, 14499, 'Occasion', 810, 82, 488, 1, 1),
(1453, 2019, 78322, 20999, 'Occasion', 816, 50, 489, 7, 1),
(1454, 2023, 45556, 18999, 'Occasion', 800, 41, 490, 1, 2),
(1455, 2023, 25363, 19799, 'Occasion', 800, 41, 203, 3, 2),
(1456, 2022, 14960, 25199, 'Occasion', 805, 42, 491, 1, 2),
(1457, 2023, 9990, 24399, 'Occasion', 804, 48, 215, 1, 1),
(1458, 2020, 70735, 21499, 'Occasion', 803, 70, 492, 7, 1),
(1459, 2018, 74800, 24999, 'Occasion', 799, 40, 493, 7, 1),
(1460, 2021, 53163, 17999, 'Occasion', 813, 78, 452, 1, 1),
(1461, 2020, 55500, 24499, 'Occasion', 805, 42, 221, 1, 1),
(1462, 2023, 3017, 24399, 'Occasion', 804, 48, 215, 1, 1),
(1463, 2023, 18850, 12799, 'Occasion', 800, 30, 283, 2, 1),
(1464, 2021, 28720, 31999, 'Occasion', 809, 91, 396, 2, 1),
(1465, 2023, 11947, 22999, 'Occasion', 804, 48, 272, 1, 1),
(1466, 2022, 49802, 20999, 'Occasion', 807, 47, 329, 4, 1),
(1467, 2021, 80220, 15999, 'Occasion', 810, 60, 406, 7, 1),
(1468, 2021, 45329, 15999, 'Occasion', 806, 65, 277, 1, 2),
(1469, 2023, 11455, 23399, 'Occasion', 804, 48, 215, 1, 1),
(1470, 2018, 55893, 13999, 'Occasion', 806, 65, 209, 1, 1),
(1471, 2021, 36564, 20499, 'Occasion', 808, 61, 365, 1, 2),
(1472, 2019, 59798, 15499, 'Occasion', 808, 37, 494, 1, 2),
(1473, 2023, 8150, 27899, 'Occasion', 804, 48, 261, 5, 1),
(1474, 2022, 24841, 21499, 'Occasion', 819, 66, 495, 2, 1),
(1475, 2021, 52720, 27999, 'Occasion', 816, 50, 440, 7, 1),
(1476, 2021, 57944, 15499, 'Occasion', 815, 75, 496, 6, 1),
(1477, 2018, 73890, 22999, 'Occasion', 816, 50, 489, 1, 1),
(1478, 2021, 67753, 27499, 'Occasion', 816, 50, 440, 7, 1),
(1479, 2022, 65475, 15499, 'Occasion', 810, 60, 302, 7, 2),
(1480, 2023, 7560, 30959, 'Occasion', 805, 42, 497, 1, 1),
(1481, 2018, 57957, 13599, 'Occasion', 817, 68, 453, 1, 2),
(1482, 2023, 5200, 22999, 'Occasion', 804, 48, 281, 1, 1),
(1483, 2022, 19796, 33199, 'Occasion', 799, 3, 386, 7, 1),
(1484, 2016, 109716, 11999, 'Occasion', 819, 66, 498, 7, 2),
(1485, 2018, 86045, 13799, 'Occasion', 813, 78, 478, 1, 1),
(1486, 2018, 115125, 16799, 'Occasion', 798, 85, 499, 7, 1),
(1487, 2020, 34515, 17799, 'Occasion', 813, 78, 349, 1, 1),
(1488, 2022, 62306, 17999, 'Occasion', 806, 65, 209, 1, 1),
(1489, 2023, 40105, 19999, 'Occasion', 800, 41, 285, 1, 2),
(1490, 2017, 103525, 16799, 'Occasion', 805, 92, 500, 7, 2),
(1491, 2019, 53325, 16499, 'Occasion', 808, 79, 494, 1, 2),
(1492, 2023, 6820, 20499, 'Occasion', 804, 86, 205, 1, 1),
(1493, 2021, 37512, 23799, 'Occasion', 816, 76, 357, 7, 1),
(1494, 2021, 30163, 26499, 'Occasion', 799, 3, 386, 1, 1),
(1495, 2019, 68015, 14499, 'Occasion', 813, 78, 501, 7, 2),
(1496, 2020, 115406, 21799, 'Occasion', 816, 50, 357, 7, 1),
(1497, 2023, 7823, 30499, 'Occasion', 822, 93, 502, 1, 1),
(1498, 2023, 6585, 30999, 'Occasion', 798, 88, 193, 5, 1),
(1499, 2022, 62705, 22999, 'Occasion', 799, 3, 503, 7, 1),
(1500, 2021, 59665, 27999, 'Occasion', 816, 50, 440, 7, 1),
(1501, 2023, 16156, 29999, 'Occasion', 799, 3, 386, 1, 1),
(1502, 2021, 50889, 25999, 'Occasion', 807, 94, 264, 4, 1),
(1503, 2023, 42620, 18699, 'Occasion', 800, 41, 203, 3, 2),
(1504, 2023, 631, 16799, 'Occasion', 813, 95, 504, 6, 2),
(1505, 2020, 25105, 18299, 'Occasion', 819, 66, 505, 2, 1),
(1506, 2023, 3069, 24999, 'Occasion', 804, 48, 215, 1, 1),
(1507, 2022, 30878, 22899, 'Occasion', 804, 96, 208, 7, 1),
(1508, 2022, 45750, 24999, 'Occasion', 814, 72, 341, 4, 1),
(1509, 2023, 42216, 19499, 'Occasion', 800, 41, 506, 1, 2),
(1510, 2023, 11315, 22999, 'Occasion', 819, 66, 507, 2, 1),
(1511, 2021, 40600, 16999, 'Occasion', 806, 65, 258, 1, 2),
(1512, 2023, 1189, 24399, 'Occasion', 804, 48, 215, 1, 1),
(1513, 2023, 11217, 23399, 'Occasion', 804, 48, 215, 1, 1),
(1514, 2020, 81577, 22199, 'Occasion', 799, 3, 435, 7, 2),
(1515, 2021, 72257, 24499, 'Occasion', 799, 3, 386, 1, 1),
(1516, 2020, 52862, 23999, 'Occasion', 798, 58, 195, 7, 1),
(1517, 2023, 13283, 27799, 'Occasion', 805, 11, 389, 1, 1),
(1518, 2023, 4035, 19999, 'Occasion', 804, 86, 272, 1, 1),
(1519, 2022, 5700, 22499, 'Occasion', 806, 65, 209, 1, 2),
(1520, 2020, 33644, 13499, 'Occasion', 810, 60, 342, 1, 2),
(1521, 2019, 54309, 14799, 'Occasion', 813, 78, 508, 7, 2),
(1522, 2024, 12145, 26899, 'Occasion', 805, 11, 221, 1, 1),
(1523, 2021, 75720, 25999, 'Occasion', 799, 3, 386, 7, 1),
(1524, 2023, 24535, 24099, 'Occasion', 806, 65, 258, 6, 1),
(1525, 2018, 114556, 14799, 'Occasion', 803, 70, 211, 7, 1),
(1526, 2021, 49559, 15999, 'Occasion', 806, 65, 277, 1, 2),
(1527, 2020, 63124, 21499, 'Occasion', 799, 3, 509, 1, 1),
(1528, 2024, 19675, 30499, 'Occasion', 805, 42, 221, 1, 1),
(1529, 2019, 62222, 13699, 'Occasion', 813, 78, 478, 1, 2),
(1530, 2017, 92600, 23399, 'Occasion', 809, 97, 510, 7, 1),
(1531, 2020, 74299, 21599, 'Occasion', 805, 42, 511, 7, 2),
(1532, 2017, 65389, 14499, 'Occasion', 798, 85, 499, 1, 1),
(1533, 2018, 96325, 15999, 'Occasion', 804, 96, 208, 7, 2),
(1534, 2019, 103203, 17299, 'Occasion', 803, 70, 474, 7, 1),
(1535, 2018, 88308, 17999, 'Occasion', 799, 3, 512, 1, 2),
(1536, 2019, 36353, 20499, 'Occasion', 798, 85, 235, 1, 1),
(1537, 2022, 15861, 23399, 'Occasion', 804, 48, 215, 1, 1),
(1538, 2023, 9384, 22999, 'Occasion', 804, 48, 281, 1, 1),
(1539, 2023, 19747, 29999, 'Occasion', 815, 84, 513, 2, 1),
(1540, 2023, 52132, 16599, 'Occasion', 813, 78, 508, 1, 2),
(1541, 2018, 64070, 8799, 'Occasion', 798, 90, 200, 1, 2),
(1542, 2022, 28376, 18099, 'Occasion', 810, 60, 342, 7, 2),
(1543, 2022, 67739, 24499, 'Occasion', 811, 98, 268, 5, 1),
(1544, 2021, 42763, 20099, 'Occasion', 813, 78, 514, 1, 1),
(1545, 2018, 97516, 12999, 'Occasion', 804, 96, 443, 1, 2),
(1546, 2020, 79118, 14499, 'Occasion', 813, 78, 508, 1, 2),
(1547, 2023, 19125, 16999, 'Occasion', 814, 83, 515, 3, 2),
(1548, 2020, 45494, 13999, 'Occasion', 822, 99, 516, 1, 2),
(1549, 2018, 88036, 17999, 'Occasion', 808, 79, 517, 1, 1),
(1550, 2016, 92527, 8499, 'Occasion', 798, 90, 200, 1, 2),
(1551, 2017, 52960, 16599, 'Occasion', 803, 70, 223, 1, 2),
(1552, 2021, 104915, 24999, 'Occasion', 799, 40, 386, 5, 1),
(1553, 2019, 45552, 17499, 'Occasion', 816, 76, 518, 1, 1),
(1554, 2020, 109797, 15999, 'Occasion', 808, 79, 519, 1, 2),
(1555, 2023, 42620, 26399, 'Occasion', 804, 48, 205, 5, 1),
(1556, 2023, 4960, 28399, 'Occasion', 804, 48, 205, 5, 1),
(1557, 2019, 95476, 25099, 'Occasion', 816, 50, 357, 7, 1),
(1558, 2020, 8368, 13499, 'Occasion', 815, 63, 520, 1, 2),
(1559, 2020, 88651, 23999, 'Occasion', 799, 3, 521, 7, 1),
(1560, 2017, 80975, 13499, 'Occasion', 803, 100, 223, 1, 2),
(1561, 2018, 86292, 16799, 'Occasion', 798, 85, 193, 7, 1),
(1562, 2023, 16655, 12799, 'Occasion', 800, 30, 370, 2, 1),
(1563, 2023, 80, 27999, 'Occasion', 798, 85, 214, 1, 1),
(1564, 2023, 19908, 19299, 'Occasion', 804, 86, 205, 1, 1),
(1565, 2021, 57530, 22899, 'Occasion', 823, 101, 522, 5, 1),
(1566, 2021, 44555, 16899, 'Occasion', 810, 60, 344, 1, 1),
(1567, 2019, 55683, 11999, 'Occasion', 810, 82, 523, 1, 2),
(1568, 2023, 27350, 28699, 'Occasion', 822, 93, 524, 7, 1),
(1569, 2020, 63387, 32999, 'Occasion', 805, 102, 525, 2, 1),
(1570, 2019, 54840, 21999, 'Occasion', 798, 85, 217, 1, 1),
(1571, 2019, 80786, 26499, 'Occasion', 805, 89, 448, 6, 1),
(1572, 2023, 961, 26999, 'Occasion', 798, 85, 202, 1, 1),
(1573, 2022, 10230, 15999, 'Occasion', 815, 63, 373, 1, 1),
(1574, 2021, 29343, 18999, 'Occasion', 804, 96, 325, 1, 2),
(1575, 2019, 34190, 19999, 'Occasion', 814, 72, 350, 3, 1),
(1576, 2021, 122998, 12999, 'Occasion', 810, 60, 411, 7, 2),
(1577, 2020, 112312, 19499, 'Occasion', 798, 85, 235, 7, 1),
(1578, 2020, 45076, 14999, 'Occasion', 810, 82, 526, 7, 2),
(1579, 2023, 23856, 27999, 'Occasion', 820, 103, 527, 5, 1),
(1580, 2023, 19786, 29980, 'Occasion', 799, 3, 386, 1, 1),
(1581, 2019, 103367, 13999, 'Occasion', 814, 104, 528, 1, 2),
(1582, 2021, 43658, 19599, 'Occasion', 819, 66, 471, 2, 1),
(1583, 2021, 44792, 23499, 'Occasion', 798, 85, 222, 5, 1),
(1584, 2023, 21344, 19299, 'Occasion', 804, 86, 205, 1, 1),
(1585, 2022, 25408, 23199, 'Occasion', 799, 3, 529, 1, 2),
(1586, 2021, 78263, 20099, 'Occasion', 799, 3, 530, 7, 2),
(1587, 2020, 59031, 13999, 'Occasion', 810, 82, 342, 1, 1),
(1588, 2018, 45584, 11999, 'Occasion', 815, 63, 531, 1, 2),
(1589, 2022, 20941, 22499, 'Occasion', 808, 105, 320, 1, 1),
(1590, 2017, 8683, 11999, 'Occasion', 813, 95, 349, 1, 2),
(1591, 2023, 21450, 26999, 'Occasion', 798, 85, 202, 7, 1),
(1592, 2021, 30055, 29599, 'Occasion', 805, 106, 532, 1, 2),
(1593, 2021, 48243, 23999, 'Occasion', 799, 3, 386, 1, 1),
(1594, 2019, 43335, 30999, 'Occasion', 801, 5, 533, 2, 1),
(1595, 2022, 25984, 23199, 'Occasion', 799, 3, 529, 1, 2),
(1596, 2022, 50163, 19499, 'Occasion', 814, 104, 534, 6, 2),
(1597, 2021, 48540, 23099, 'Occasion', 799, 3, 196, 1, 1),
(1598, 2022, 25870, 22999, 'Occasion', 802, 107, 199, 2, 1),
(1599, 2019, 28436, 17999, 'Occasion', 816, 76, 357, 1, 1),
(1600, 2021, 73992, 22999, 'Occasion', 817, 108, 468, 7, 1),
(1601, 2023, 16920, 22499, 'Occasion', 816, 109, 440, 1, 1),
(1602, 2019, 88434, 9999, 'Occasion', 813, 110, 359, 1, 2),
(1603, 2022, 29190, 24399, 'Occasion', 816, 76, 361, 1, 1),
(1604, 2017, 99005, 13999, 'Occasion', 820, 71, 535, 1, 2),
(1605, 2019, 71271, 19499, 'Occasion', 799, 3, 503, 7, 1),
(1606, 2021, 25763, 11499, 'Occasion', 798, 90, 193, 1, 2),
(1607, 2022, 26498, 26999, 'Occasion', 799, 3, 536, 7, 1),
(1608, 2022, 27200, 27599, 'Occasion', 799, 3, 386, 1, 1),
(1609, 2018, 98458, 12999, 'Occasion', 810, 111, 537, 7, 2),
(1610, 2021, 52540, 15999, 'Occasion', 806, 65, 258, 1, 2),
(1611, 2022, 45140, 16499, 'Occasion', 812, 112, 291, 6, 2),
(1612, 2022, 25267, 24899, 'Occasion', 816, 76, 357, 1, 1),
(1613, 2018, 51760, 11999, 'Occasion', 810, 82, 538, 1, 2),
(1614, 2021, 34747, 18499, 'Occasion', 816, 76, 357, 1, 1),
(1615, 2018, 52725, 13499, 'Occasion', 815, 75, 513, 1, 2),
(1616, 2023, 33659, 27199, 'Occasion', 799, 3, 196, 1, 1),
(1617, 2021, 55559, 16999, 'Occasion', 816, 76, 465, 1, 1),
(1618, 2020, 111275, 16999, 'Occasion', 798, 85, 193, 7, 1),
(1619, 2017, 44743, 17499, 'Occasion', 819, 66, 539, 1, 1),
(1620, 2018, 102500, 10499, 'Occasion', 810, 82, 540, 1, 2),
(1621, 2021, 78726, 20799, 'Occasion', 799, 3, 503, 7, 1),
(1622, 2018, 87831, 13299, 'Occasion', 804, 96, 272, 1, 2),
(1623, 2023, 29017, 27999, 'Occasion', 822, 93, 516, 7, 1),
(1624, 2023, 10380, 25099, 'Occasion', 799, 3, 530, 7, 2),
(1625, 2018, 95293, 16999, 'Occasion', 803, 100, 287, 7, 1),
(1626, 2019, 44315, 29499, 'Occasion', 805, 89, 221, 7, 1),
(1627, 2022, 64844, 24499, 'Occasion', 804, 96, 205, 7, 2),
(1628, 2022, 18460, 27099, 'Occasion', 799, 3, 541, 7, 1),
(1629, 2016, 114325, 12799, 'Occasion', 819, 66, 542, 7, 2),
(1630, 2022, 27490, 25499, 'Occasion', 798, 85, 202, 7, 1),
(1631, 2023, 12345, 24499, 'Occasion', 799, 3, 536, 1, 2),
(1632, 2023, 1277, 24999, 'Occasion', 802, 107, 543, 2, 1),
(1633, 2021, 33602, 17099, 'Occasion', 814, 104, 544, 6, 2),
(1634, 2019, 76680, 18999, 'Occasion', 805, 42, 389, 1, 2),
(1635, 2021, 49055, 18799, 'Occasion', 804, 96, 208, 1, 1),
(1636, 2017, 118665, 11499, 'Occasion', 814, 104, 545, 7, 2),
(1637, 2021, 71218, 19999, 'Occasion', 816, 76, 440, 7, 2),
(1638, 2018, 120213, 11799, 'Occasion', 814, 104, 528, 3, 2),
(1639, 2022, 23639, 23799, 'Occasion', 799, 3, 529, 1, 2),
(1640, 2021, 33697, 18699, 'Occasion', 819, 66, 471, 2, 1),
(1641, 2019, 75000, 18499, 'Occasion', 804, 96, 215, 7, 2),
(1642, 2021, 35795, 27199, 'Occasion', 798, 85, 194, 7, 1),
(1643, 2020, 66852, 18499, 'Occasion', 798, 85, 200, 1, 1),
(1644, 2021, 52372, 15999, 'Occasion', 814, 104, 546, 4, 2),
(1645, 2021, 51088, 24999, 'Occasion', 811, 98, 268, 5, 1),
(1646, 2022, 10, 33999, 'Occasion', 820, 103, 547, 5, 1),
(1647, 2022, 60921, 23099, 'Occasion', 799, 3, 503, 7, 1),
(1648, 2023, 19489, 25099, 'Occasion', 799, 3, 536, 1, 2),
(1649, 2022, 7593, 26499, 'Occasion', 818, 113, 548, 4, 1),
(1650, 2021, 34688, 21499, 'Occasion', 803, 114, 223, 7, 2),
(1651, 2021, 42889, 20099, 'Occasion', 819, 66, 549, 2, 1),
(1652, 2020, 81111, 27999, 'Occasion', 799, 40, 550, 7, 1),
(1653, 2023, 8450, 31499, 'Occasion', 822, 93, 551, 1, 1),
(1654, 2017, 117007, 14999, 'Occasion', 820, 71, 552, 7, 1),
(1655, 2019, 68214, 18999, 'Occasion', 798, 85, 193, 7, 2),
(1656, 2019, 97575, 15199, 'Occasion', 804, 96, 208, 1, 1),
(1657, 2017, 112730, 10899, 'Occasion', 814, 104, 350, 1, 2),
(1658, 2018, 21737, 12499, 'Occasion', 816, 109, 553, 1, 1),
(1659, 2020, 54040, 23999, 'Occasion', 799, 3, 521, 1, 1),
(1660, 2023, 12090, 32799, 'Occasion', 799, 3, 435, 7, 1),
(1661, 2023, 24515, 18999, 'Occasion', 804, 86, 205, 1, 1),
(1662, 2019, 103451, 12999, 'Occasion', 804, 96, 208, 1, 2),
(1663, 2020, 77149, 17999, 'Occasion', 804, 96, 272, 1, 1),
(1664, 2020, 38975, 17282, 'Occasion', 804, 96, 274, 1, 2),
(1665, 2022, 12799, 15999, 'Occasion', 815, 63, 554, 1, 1),
(1666, 2022, 67000, 21999, 'Occasion', 804, 96, 215, 1, 1),
(1667, 2020, 36129, 9999, 'Occasion', 798, 90, 210, 1, 2),
(1668, 2022, 33018, 20499, 'Occasion', 808, 105, 298, 1, 1),
(1669, 2023, 18392, 24099, 'Occasion', 799, 3, 530, 7, 2),
(1670, 2019, 70398, 17499, 'Occasion', 804, 96, 272, 1, 1),
(1671, 2022, 22905, 20999, 'Occasion', 814, 104, 544, 4, 2),
(1672, 2021, 33565, 18799, 'Occasion', 819, 66, 549, 2, 1),
(1673, 2023, 26873, 24099, 'Occasion', 799, 3, 530, 7, 2),
(1674, 2020, 46280, 23499, 'Occasion', 799, 3, 326, 1, 2),
(1675, 2020, 84275, 14499, 'Occasion', 810, 82, 418, 7, 1),
(1676, 2018, 106093, 12799, 'Occasion', 820, 103, 555, 1, 2),
(1677, 2023, 32200, 52399, 'Occasion', 799, 87, 386, 5, 1),
(1678, 2020, 42110, 19999, 'Occasion', 804, 96, 215, 1, 2),
(1679, 2023, 10800, 25999, 'Occasion', 805, 11, 221, 1, 1),
(1680, 2019, 84018, 11299, 'Occasion', 810, 82, 540, 1, 2),
(1681, 2019, 68150, 18499, 'Occasion', 804, 96, 272, 1, 1),
(1682, 2022, 30909, 25599, 'Occasion', 820, 71, 556, 1, 1),
(1683, 2019, 65377, 11399, 'Occasion', 814, 83, 557, 1, 2),
(1684, 2022, 57988, 24999, 'Occasion', 804, 96, 205, 7, 2),
(1685, 2022, 68035, 22999, 'Occasion', 804, 96, 208, 7, 2),
(1686, 2022, 34040, 23899, 'Occasion', 799, 3, 529, 1, 2),
(1687, 2020, 43796, 23999, 'Occasion', 799, 3, 435, 7, 2),
(1688, 2018, 88421, 17299, 'Occasion', 803, 70, 267, 1, 2),
(1689, 2023, 19898, 25299, 'Occasion', 822, 93, 551, 1, 2),
(1690, 2019, 102818, 10999, 'Occasion', 814, 83, 341, 1, 2),
(1691, 2020, 83968, 14999, 'Occasion', 810, 82, 558, 7, 1),
(1692, 2022, 27841, 24899, 'Occasion', 816, 76, 357, 1, 1),
(1693, 2023, 23671, 18999, 'Occasion', 804, 86, 205, 1, 1),
(1694, 2020, 107355, 21299, 'Occasion', 799, 40, 559, 7, 1),
(1695, 2021, 50560, 19699, 'Occasion', 819, 66, 549, 2, 1),
(1696, 2022, 98073, 20699, 'Occasion', 804, 26, 560, 7, 2),
(1697, 2019, 69923, 11499, 'Occasion', 810, 82, 523, 1, 2),
(1698, 2024, 9000, 37499, 'Occasion', 808, 115, 561, 1, 1),
(1699, 2021, 37693, 16499, 'Occasion', 813, 95, 562, 2, 1),
(1700, 2020, 50823, 24399, 'Occasion', 799, 3, 435, 7, 2),
(1701, 2019, 88832, 14999, 'Occasion', 804, 96, 215, 1, 2),
(1702, 2018, 85290, 14499, 'Occasion', 804, 96, 337, 1, 2),
(1703, 2020, 119531, 14999, 'Occasion', 798, 88, 193, 7, 2),
(1704, 2020, 63573, 12999, 'Occasion', 810, 82, 526, 1, 2),
(1705, 2023, 7100, 32999, 'Occasion', 824, 116, 563, 4, 1),
(1706, 2017, 104493, 14999, 'Occasion', 799, 81, 564, 7, 2),
(1707, 2020, 79280, 16499, 'Occasion', 803, 100, 211, 7, 2),
(1708, 2023, 14021, 30499, 'Occasion', 822, 93, 551, 1, 1),
(1709, 2019, 99363, 19299, 'Occasion', 798, 88, 194, 1, 1),
(1710, 2020, 51792, 12799, 'Occasion', 813, 110, 349, 1, 2),
(1711, 2022, 36226, 46099, 'Occasion', 805, 106, 565, 7, 1),
(1712, 2018, 59791, 13499, 'Occasion', 804, 80, 208, 1, 2),
(1713, 2020, 46512, 20999, 'Occasion', 817, 108, 453, 5, 1),
(1714, 2018, 77175, 17299, 'Occasion', 803, 70, 223, 1, 2),
(1715, 2018, 110235, 15999, 'Occasion', 822, 93, 566, 1, 2),
(1716, 2021, 40608, 22299, 'Occasion', 798, 85, 193, 7, 1),
(1717, 2021, 38744, 20899, 'Occasion', 819, 66, 567, 2, 1),
(1718, 2019, 122426, 14999, 'Occasion', 798, 58, 224, 1, 2),
(1719, 2016, 76190, 20999, 'Occasion', 809, 97, 568, 1, 1),
(1720, 2021, 119213, 19399, 'Occasion', 822, 93, 569, 7, 1),
(1721, 2019, 46036, 9399, 'Occasion', 798, 90, 210, 1, 2),
(1722, 2017, 83181, 14999, 'Occasion', 820, 71, 570, 7, 2),
(1723, 2017, 110975, 18499, 'Occasion', 814, 72, 571, 7, 1),
(1724, 2017, 54516, 12499, 'Occasion', 813, 110, 349, 7, 2),
(1725, 2018, 55529, 18199, 'Occasion', 804, 80, 208, 7, 1),
(1726, 2020, 118316, 22499, 'Occasion', 799, 40, 435, 5, 1),
(1727, 2020, 39020, 14999, 'Occasion', 810, 82, 342, 1, 1),
(1728, 2020, 50589, 20899, 'Occasion', 798, 85, 193, 7, 2),
(1729, 2019, 49024, 16999, 'Occasion', 814, 104, 350, 7, 2),
(1730, 2020, 76170, 26999, 'Occasion', 805, 89, 572, 6, 1),
(1731, 2018, 82487, 13999, 'Occasion', 810, 111, 540, 1, 1),
(1732, 2020, 34356, 25999, 'Occasion', 814, 72, 350, 7, 1),
(1733, 2022, 46308, 25199, 'Occasion', 805, 42, 491, 1, 2),
(1734, 2017, 91732, 14999, 'Occasion', 803, 100, 223, 7, 2),
(1735, 2020, 63801, 12999, 'Occasion', 814, 83, 350, 7, 2),
(1736, 2019, 41765, 19999, 'Occasion', 804, 96, 208, 1, 2),
(1737, 2021, 26299, 26999, 'Occasion', 811, 98, 268, 5, 1),
(1738, 2022, 51458, 19199, 'Occasion', 814, 83, 350, 6, 1),
(1739, 2020, 98608, 22299, 'Occasion', 822, 93, 573, 1, 1),
(1740, 2022, 64800, 22299, 'Occasion', 823, 101, 522, 5, 1),
(1741, 2020, 83498, 22499, 'Occasion', 798, 88, 217, 5, 1),
(1742, 2023, 43875, 22999, 'Occasion', 802, 117, 199, 5, 1),
(1743, 2018, 49577, 14999, 'Occasion', 813, 110, 574, 7, 1),
(1744, 2017, 80630, 13999, 'Occasion', 803, 100, 267, 1, 2),
(1745, 2020, 62955, 24599, 'Occasion', 821, 73, 575, 1, 2),
(1746, 2018, 81400, 8999, 'Occasion', 798, 90, 193, 1, 2),
(1747, 2021, 43935, 14999, 'Occasion', 810, 82, 342, 1, 1);
INSERT INTO `Vehicule` (`ID_Vehicule`, `Annee`, `Kilometrage`, `Prix`, `Etat`, `Marque_ID`, `Modele_ID`, `Finition_ID`, `Carburant_ID`, `Transmission_ID`) VALUES
(1748, 2022, 104172, 17999, 'Occasion', 803, 100, 201, 1, 1),
(1749, 2018, 93606, 15499, 'Occasion', 803, 100, 223, 7, 1),
(1750, 2023, 32087, 32199, 'Occasion', 822, 93, 576, 1, 1),
(1751, 2019, 93002, 10999, 'Occasion', 806, 118, 277, 7, 2),
(1752, 2019, 64342, 12499, 'Occasion', 810, 82, 344, 1, 2),
(1753, 2019, 18450, 10499, 'Occasion', 798, 90, 210, 1, 2),
(1754, 2022, 58560, 24999, 'Occasion', 814, 72, 341, 4, 1),
(1755, 2021, 87858, 26999, 'Occasion', 809, 55, 358, 7, 1),
(1756, 2020, 25500, 23999, 'Occasion', 820, 71, 577, 1, 1),
(1757, 2021, 24940, 25399, 'Occasion', 817, 108, 468, 5, 1),
(1758, 2024, 4025, 21799, 'Occasion', 808, 105, 298, 1, 2),
(1759, 2023, 10287, 27499, 'Occasion', 822, 93, 516, 1, 2),
(1760, 2019, 76926, 12999, 'Occasion', 804, 80, 208, 1, 2),
(1761, 2019, 63934, 15099, 'Occasion', 814, 104, 578, 7, 2),
(1762, 2019, 106470, 13499, 'Occasion', 804, 80, 215, 7, 2),
(1763, 2019, 29736, 12999, 'Occasion', 813, 110, 579, 1, 2),
(1764, 2019, 66554, 13999, 'Occasion', 814, 104, 580, 1, 2),
(1765, 2022, 40865, 32999, 'Occasion', 799, 77, 386, 5, 1),
(1766, 2023, 27312, 33499, 'Occasion', 825, 119, 581, 4, 1),
(1767, 2021, 24635, 18999, 'Occasion', 820, 71, 556, 1, 2),
(1768, 2019, 70707, 18499, 'Occasion', 803, 100, 223, 7, 2),
(1769, 2021, 44411, 14699, 'Occasion', 812, 112, 582, 1, 2),
(1770, 2019, 36575, 14499, 'Occasion', 804, 80, 208, 1, 2),
(1771, 2022, 8961, 28999, 'Occasion', 820, 103, 527, 6, 1),
(1772, 2019, 59325, 17999, 'Occasion', 804, 80, 208, 7, 1),
(1773, 2023, 11853, 29999, 'Occasion', 810, 120, 302, 5, 1),
(1774, 2017, 40122, 10299, 'Occasion', 816, 109, 459, 1, 2),
(1775, 2019, 105495, 15999, 'Occasion', 804, 80, 208, 7, 1),
(1776, 2016, 100945, 12299, 'Occasion', 803, 100, 223, 1, 2),
(1777, 2019, 97890, 14799, 'Occasion', 803, 100, 223, 1, 2),
(1778, 2023, 10, 25999, 'Occasion', 810, 120, 430, 1, 1),
(1779, 2022, 29586, 25499, 'Occasion', 811, 98, 268, 5, 1),
(1780, 2024, 5194, 25799, 'Occasion', 814, 104, 583, 6, 1),
(1781, 2018, 100430, 11499, 'Occasion', 816, 109, 584, 1, 1),
(1782, 2018, 74485, 16999, 'Occasion', 814, 72, 350, 7, 2),
(1783, 2023, 28707, 25799, 'Occasion', 822, 99, 524, 1, 1),
(1784, 2020, 23252, 10299, 'Occasion', 798, 90, 210, 1, 2),
(1785, 2022, 39517, 27999, 'Occasion', 814, 72, 585, 4, 1),
(1786, 2019, 76682, 14299, 'Occasion', 810, 111, 586, 1, 2),
(1787, 2022, 33895, 28799, 'Occasion', 814, 72, 341, 4, 1),
(1788, 2022, 51280, 25499, 'Occasion', 814, 72, 341, 4, 1),
(1789, 2020, 120475, 13499, 'Occasion', 804, 80, 273, 7, 2),
(1790, 2023, 3965, 15999, 'Occasion', 808, 121, 587, 2, 1),
(1791, 2019, 45673, 11999, 'Occasion', 813, 110, 588, 7, 2),
(1792, 2017, 35570, 12499, 'Occasion', 818, 122, 589, 1, 2),
(1793, 2018, 94569, 15499, 'Occasion', 803, 100, 223, 1, 2),
(1794, 2021, 47959, 25999, 'Occasion', 811, 98, 268, 5, 1),
(1795, 2019, 90152, 13499, 'Occasion', 804, 80, 208, 1, 1),
(1796, 2023, 18624, 24499, 'Occasion', 816, 109, 590, 7, 1),
(1797, 2020, 82080, 22499, 'Occasion', 798, 88, 194, 5, 1),
(1798, 2022, 44100, 20499, 'Occasion', 808, 105, 298, 1, 1),
(1799, 2018, 95779, 16499, 'Occasion', 814, 72, 591, 1, 2),
(1800, 2018, 76334, 18499, 'Occasion', 810, 111, 540, 7, 1),
(1801, 2018, 100691, 19499, 'Occasion', 799, 77, 592, 1, 1),
(1802, 2021, 5988, 28999, 'Occasion', 824, 116, 593, 4, 1),
(1803, 2021, 81230, 14999, 'Occasion', 814, 104, 594, 4, 2),
(1804, 2023, 32422, 26099, 'Occasion', 822, 93, 551, 1, 2),
(1805, 2019, 53662, 18499, 'Occasion', 798, 58, 200, 1, 2),
(1806, 2016, 88594, 12899, 'Occasion', 817, 123, 595, 1, 2),
(1807, 2021, 81685, 16799, 'Occasion', 810, 111, 482, 7, 1),
(1808, 2019, 85294, 13599, 'Occasion', 804, 80, 208, 1, 2),
(1809, 2019, 118630, 14499, 'Occasion', 803, 100, 223, 7, 2),
(1810, 2021, 26834, 18499, 'Occasion', 814, 104, 594, 6, 2),
(1811, 2019, 109125, 15999, 'Occasion', 814, 72, 350, 3, 2),
(1812, 2023, 17685, 22999, 'Occasion', 822, 99, 524, 1, 1),
(1813, 2018, 36383, 15799, 'Occasion', 822, 124, 596, 1, 1),
(1814, 2021, 44324, 13999, 'Occasion', 814, 83, 350, 1, 2),
(1815, 2021, 30257, 14799, 'Occasion', 818, 125, 589, 6, 2),
(1816, 2019, 128426, 13499, 'Occasion', 820, 71, 535, 1, 2),
(1817, 2018, 104255, 11699, 'Occasion', 815, 75, 597, 1, 2),
(1818, 2019, 78669, 18999, 'Occasion', 798, 58, 224, 7, 2),
(1819, 2021, 70960, 23499, 'Occasion', 807, 94, 331, 4, 1),
(1820, 2022, 18639, 27499, 'Occasion', 826, 126, 598, 2, 1),
(1821, 2018, 64221, 16099, 'Occasion', 814, 104, 599, 7, 2),
(1822, 2019, 22727, 13999, 'Occasion', 806, 118, 258, 1, 2),
(1823, 2019, 91663, 10999, 'Occasion', 813, 110, 349, 7, 2),
(1824, 2023, 13745, 34599, 'Occasion', 816, 127, 357, 7, 1),
(1825, 2023, 10, 24699, 'Occasion', 810, 128, 302, 1, 2),
(1826, 2021, 139583, 17299, 'Occasion', 807, 94, 329, 4, 1),
(1827, 2018, 32720, 9999, 'Occasion', 798, 90, 210, 1, 2),
(1828, 2023, 13733, 24299, 'Occasion', 810, 120, 302, 1, 1),
(1829, 2017, 105853, 15499, 'Occasion', 820, 71, 600, 7, 1),
(1830, 2022, 47278, 32999, 'Occasion', 799, 77, 512, 5, 1),
(1831, 2019, 73726, 19199, 'Occasion', 798, 88, 200, 7, 2),
(1832, 2023, 19875, 19799, 'Occasion', 810, 120, 430, 1, 2),
(1833, 2023, 13914, 28799, 'Occasion', 816, 109, 601, 1, 1),
(1834, 2023, 26349, 24499, 'Occasion', 822, 99, 596, 1, 1),
(1835, 2020, 134344, 12799, 'Occasion', 803, 129, 223, 1, 1),
(1836, 2022, 29950, 28099, 'Occasion', 803, 130, 201, 2, 1),
(1837, 2016, 99754, 9099, 'Occasion', 804, 131, 602, 1, 2),
(1838, 2023, 17944, 20499, 'Occasion', 818, 125, 603, 6, 2),
(1839, 2020, 77458, 19999, 'Occasion', 820, 103, 535, 7, 1),
(1840, 2022, 26090, 19299, 'Occasion', 820, 71, 604, 1, 2),
(1841, 2021, 71430, 21999, 'Occasion', 820, 71, 535, 5, 1),
(1842, 2022, 65380, 24499, 'Occasion', 820, 103, 535, 5, 1),
(1843, 2018, 76399, 21099, 'Occasion', 809, 97, 451, 7, 2),
(1844, 2022, 46667, 17499, 'Occasion', 813, 110, 605, 7, 2),
(1845, 2021, 76644, 15999, 'Occasion', 817, 108, 404, 1, 2),
(1846, 2018, 69890, 10499, 'Occasion', 816, 109, 459, 1, 2),
(1847, 2019, 62468, 30099, 'Occasion', 805, 89, 606, 7, 1),
(1848, 2023, 22092, 35999, 'Occasion', 805, 92, 607, 7, 1),
(1849, 2022, 12665, 22199, 'Occasion', 822, 99, 608, 1, 2),
(1850, 2019, 88880, 20999, 'Occasion', 798, 58, 235, 7, 2),
(1851, 2023, 22693, 21999, 'Occasion', 798, 132, 609, 7, 2),
(1852, 2024, 10902, 23999, 'Occasion', 822, 99, 502, 1, 1),
(1853, 2021, 98573, 16699, 'Occasion', 810, 111, 342, 7, 1),
(1854, 2021, 53551, 26099, 'Occasion', 798, 88, 202, 5, 1),
(1855, 2020, 60835, 18499, 'Occasion', 798, 58, 200, 7, 2),
(1856, 2023, 25555, 22699, 'Occasion', 822, 99, 516, 1, 1),
(1857, 2022, 65610, 36999, 'Occasion', 821, 133, 610, 8, 1),
(1858, 2019, 59727, 18499, 'Occasion', 810, 111, 344, 1, 1),
(1859, 2020, 110165, 16699, 'Occasion', 820, 103, 535, 7, 2),
(1860, 2019, 74840, 15499, 'Occasion', 822, 99, 611, 1, 2),
(1861, 2023, 19745, 22799, 'Occasion', 822, 99, 524, 1, 1),
(1862, 2022, 60518, 19999, 'Occasion', 817, 108, 404, 7, 2),
(1863, 2023, 35097, 24999, 'Occasion', 822, 99, 596, 1, 1),
(1864, 2019, 91294, 25699, 'Occasion', 821, 73, 612, 1, 1),
(1865, 2020, 96364, 18999, 'Occasion', 820, 103, 535, 7, 1),
(1866, 2023, 44640, 31999, 'Occasion', 799, 77, 512, 1, 1),
(1867, 2022, 10540, 32099, 'Occasion', 799, 77, 536, 5, 1),
(1868, 2024, 11244, 23999, 'Occasion', 822, 99, 502, 1, 1),
(1869, 2019, 27505, 9999, 'Occasion', 804, 134, 208, 1, 2),
(1870, 2023, 35213, 20999, 'Occasion', 822, 99, 524, 1, 2),
(1871, 2022, 47715, 33999, 'Occasion', 799, 77, 386, 5, 1),
(1872, 2018, 56085, 11999, 'Occasion', 822, 124, 611, 1, 2),
(1873, 2019, 77565, 16499, 'Occasion', 814, 72, 613, 1, 2),
(1874, 2018, 105509, 19999, 'Occasion', 803, 135, 614, 7, 1),
(1875, 2019, 50472, 13999, 'Occasion', 810, 128, 418, 7, 2),
(1876, 2024, 19799, 46899, 'Occasion', 809, 136, 396, 7, 1),
(1877, 2017, 94012, 14309, 'Occasion', 813, 110, 615, 7, 2),
(1878, 2023, 22580, 28999, 'Occasion', 811, 137, 400, 6, 1),
(1879, 2023, 21886, 22499, 'Occasion', 822, 99, 524, 1, 2),
(1880, 2022, 18013, 28699, 'Occasion', 803, 130, 201, 2, 1),
(1881, 2022, 11806, 27799, 'Occasion', 820, 103, 604, 5, 1),
(1882, 2017, 28245, 14999, 'Occasion', 804, 131, 208, 1, 1),
(1883, 2015, 117320, 8299, 'Occasion', 800, 138, 616, 1, 2),
(1884, 2023, 17344, 20999, 'Occasion', 822, 99, 502, 1, 2),
(1885, 2023, 20486, 25999, 'Occasion', 810, 120, 302, 1, 1),
(1886, 2019, 44421, 35999, 'Occasion', 799, 87, 479, 7, 1),
(1887, 2020, 65684, 15999, 'Occasion', 803, 139, 227, 7, 2),
(1888, 2020, 72922, 11799, 'Occasion', 822, 124, 617, 1, 2),
(1889, 2019, 55680, 12799, 'Occasion', 818, 122, 589, 6, 2),
(1890, 2018, 98570, 16999, 'Occasion', 799, 81, 326, 7, 2),
(1891, 2019, 85885, 16999, 'Occasion', 798, 58, 200, 1, 2),
(1892, 2023, 37599, 30799, 'Occasion', 820, 103, 618, 5, 1),
(1893, 2023, 39661, 21299, 'Occasion', 822, 99, 524, 1, 2),
(1894, 2017, 60949, 19099, 'Occasion', 799, 81, 619, 5, 1),
(1895, 2018, 82450, 27499, 'Occasion', 799, 77, 620, 7, 1),
(1896, 2020, 61015, 18499, 'Occasion', 798, 58, 200, 7, 2),
(1897, 2024, 31279, 26199, 'Occasion', 810, 128, 302, 5, 1),
(1898, 2022, 62793, 20999, 'Occasion', 815, 140, 373, 8, 2),
(1899, 2016, 125985, 18999, 'Occasion', 805, 89, 206, 7, 1),
(1900, 2023, 21264, 23499, 'Occasion', 822, 99, 524, 1, 1),
(1901, 2023, 9565, 27099, 'Occasion', 812, 141, 374, 4, 1),
(1902, 2019, 114626, 12999, 'Occasion', 803, 139, 211, 1, 1),
(1903, 2023, 21802, 22199, 'Occasion', 822, 99, 524, 1, 2),
(1904, 2022, 35780, 23099, 'Occasion', 810, 120, 430, 7, 1),
(1905, 2020, 81560, 19699, 'Occasion', 820, 103, 527, 7, 1),
(1906, 2019, 71443, 21999, 'Occasion', 827, 142, 621, 7, 1),
(1907, 2022, 52815, 32999, 'Occasion', 799, 77, 386, 5, 1),
(1908, 2021, 48437, 24099, 'Occasion', 799, 81, 536, 7, 1),
(1909, 2018, 54898, 25599, 'Occasion', 809, 143, 622, 7, 1),
(1910, 2021, 141050, 20999, 'Occasion', 805, 92, 500, 8, 1),
(1911, 2021, 103147, 12199, 'Occasion', 810, 128, 623, 7, 1),
(1912, 2019, 67845, 20999, 'Occasion', 798, 58, 200, 7, 2),
(1913, 2018, 20996, 15999, 'Occasion', 808, 144, 587, 2, 1),
(1914, 2019, 94145, 16894, 'Occasion', 798, 58, 193, 1, 2),
(1915, 2017, 104395, 12799, 'Occasion', 804, 131, 208, 7, 2),
(1916, 2017, 41847, 17999, 'Occasion', 804, 131, 208, 7, 1),
(1917, 2022, 13433, 23099, 'Occasion', 815, 145, 624, 5, 1),
(1918, 2022, 10880, 17499, 'Occasion', 822, 124, 625, 1, 2),
(1919, 2022, 85238, 19499, 'Occasion', 817, 146, 404, 7, 1),
(1920, 2021, 52211, 27099, 'Occasion', 799, 77, 460, 5, 1),
(1921, 2022, 19908, 19499, 'Occasion', 822, 99, 502, 1, 2),
(1922, 2017, 129450, 9799, 'Occasion', 804, 131, 208, 1, 2),
(1923, 2016, 126002, 11999, 'Occasion', 804, 131, 215, 7, 2),
(1924, 2017, 94800, 13499, 'Occasion', 804, 131, 273, 7, 1),
(1925, 2023, 49326, 32499, 'Occasion', 799, 77, 512, 1, 1),
(1926, 2022, 37887, 24999, 'Occasion', 822, 147, 626, 2, 1),
(1927, 2023, 9432, 24999, 'Occasion', 815, 145, 531, 1, 2),
(1928, 2018, 58857, 12999, 'Occasion', 814, 148, 341, 1, 2),
(1929, 2023, 13930, 24999, 'Occasion', 822, 124, 596, 1, 1),
(1930, 2020, 92925, 27499, 'Occasion', 803, 135, 627, 7, 1),
(1931, 2019, 105002, 14799, 'Occasion', 808, 149, 311, 7, 1),
(1932, 2022, 22500, 27399, 'Occasion', 810, 120, 430, 5, 1),
(1933, 2023, 13841, 24999, 'Occasion', 815, 140, 628, 1, 1),
(1934, 2019, 44863, 25799, 'Occasion', 799, 81, 493, 7, 1),
(1935, 2023, 24260, 27099, 'Occasion', 817, 123, 629, 7, 2),
(1936, 2017, 69487, 12499, 'Occasion', 804, 131, 273, 1, 1),
(1937, 2022, 50663, 22899, 'Occasion', 820, 103, 535, 7, 2),
(1938, 2023, 22573, 17799, 'Occasion', 822, 124, 502, 1, 2),
(1939, 2017, 106445, 11499, 'Occasion', 804, 131, 325, 1, 1),
(1940, 2021, 32319, 25699, 'Occasion', 798, 58, 630, 1, 1),
(1941, 2017, 111655, 13999, 'Occasion', 804, 131, 215, 7, 1),
(1942, 2018, 144260, 9299, 'Occasion', 800, 150, 631, 1, 2),
(1943, 2018, 106912, 16499, 'Occasion', 817, 123, 404, 7, 1),
(1944, 2017, 112865, 11999, 'Occasion', 804, 131, 272, 7, 2),
(1945, 2017, 83340, 10499, 'Occasion', 804, 131, 208, 1, 2),
(1946, 2016, 114530, 9499, 'Occasion', 804, 131, 602, 1, 2),
(1947, 2020, 109548, 22999, 'Occasion', 817, 123, 468, 7, 1),
(1948, 2019, 91754, 20499, 'Occasion', 827, 142, 632, 7, 2),
(1949, 2019, 60359, 21999, 'Occasion', 798, 58, 224, 7, 2),
(1950, 2019, 55632, 28199, 'Occasion', 808, 115, 380, 7, 2),
(1951, 2024, 5013, 35999, 'Occasion', 821, 151, 633, 2, 1),
(1952, 2019, 54738, 18199, 'Occasion', 820, 103, 431, 1, 2),
(1953, 2017, 99998, 14499, 'Occasion', 812, 152, 374, 7, 1),
(1954, 2023, 9600, 24999, 'Occasion', 810, 128, 364, 1, 1),
(1955, 2019, 79230, 28999, 'Occasion', 799, 87, 460, 7, 1),
(1956, 2018, 96328, 12999, 'Occasion', 815, 75, 513, 7, 2),
(1957, 2023, 19556, 24899, 'Occasion', 814, 153, 350, 6, 1),
(1958, 2023, 26220, 21199, 'Occasion', 822, 124, 551, 1, 1),
(1959, 2016, 57088, 14499, 'Occasion', 804, 154, 634, 7, 2),
(1960, 2017, 132022, 12499, 'Occasion', 804, 131, 273, 7, 1),
(1961, 2018, 64771, 13499, 'Occasion', 800, 150, 247, 1, 2),
(1962, 2019, 85925, 20499, 'Occasion', 809, 155, 635, 7, 1),
(1963, 2023, 34083, 21199, 'Occasion', 822, 124, 551, 1, 1),
(1964, 2019, 142640, 18999, 'Occasion', 817, 123, 636, 1, 1),
(1965, 2023, 42706, 21899, 'Occasion', 822, 124, 551, 1, 1),
(1966, 2023, 23993, 17999, 'Occasion', 822, 124, 524, 1, 2),
(1967, 2020, 122819, 21999, 'Occasion', 803, 135, 227, 7, 1),
(1968, 2019, 47866, 19799, 'Occasion', 820, 103, 431, 1, 2),
(1969, 2023, 38577, 21199, 'Occasion', 822, 124, 551, 1, 1),
(1970, 2024, 4765, 31999, 'Occasion', 803, 156, 637, 2, 1),
(1971, 2017, 73388, 9299, 'Occasion', 813, 157, 478, 1, 2),
(1972, 2018, 138003, 16999, 'Occasion', 805, 89, 476, 1, 1),
(1973, 2018, 79510, 10999, 'Occasion', 804, 131, 274, 1, 2),
(1974, 2022, 114976, 14999, 'Occasion', 803, 139, 211, 7, 1),
(1975, 2023, 67350, 21699, 'Occasion', 810, 128, 342, 1, 1),
(1976, 2024, 15694, 18999, 'Occasion', 815, 140, 638, 1, 2),
(1977, 2022, 85852, 29499, 'Occasion', 822, 158, 524, 7, 1),
(1978, 2018, 117394, 11999, 'Occasion', 815, 140, 531, 1, 2),
(1979, 2016, 100340, 9999, 'Occasion', 804, 131, 639, 1, 2),
(1980, 2017, 98345, 11699, 'Occasion', 804, 131, 215, 1, 2),
(1981, 2023, 40686, 23099, 'Occasion', 802, 117, 640, 5, 1),
(1982, 2023, 49144, 23099, 'Occasion', 802, 117, 640, 5, 1),
(1983, 2023, 31224, 36999, 'Occasion', 822, 147, 641, 2, 1),
(1984, 2020, 101808, 18899, 'Occasion', 820, 103, 535, 7, 1),
(1985, 2020, 42773, 24899, 'Occasion', 799, 81, 493, 1, 1),
(1986, 2022, 47689, 21499, 'Occasion', 819, 159, 471, 1, 1),
(1987, 2021, 38539, 24299, 'Occasion', 824, 116, 642, 4, 1),
(1988, 2021, 56913, 27899, 'Occasion', 799, 77, 460, 5, 1),
(1989, 2017, 127915, 11999, 'Occasion', 804, 131, 208, 7, 2),
(1990, 2017, 114510, 18999, 'Occasion', 805, 92, 221, 1, 1),
(1991, 2021, 67089, 14499, 'Occasion', 800, 150, 643, 1, 2),
(1992, 2017, 95450, 11499, 'Occasion', 804, 131, 317, 1, 2),
(1993, 2021, 54710, 21899, 'Occasion', 798, 132, 644, 7, 2),
(1994, 2015, 111142, 15999, 'Occasion', 808, 149, 380, 7, 2),
(1995, 2023, 12635, 28099, 'Occasion', 817, 123, 629, 7, 2),
(1996, 2018, 44910, 15799, 'Occasion', 814, 148, 341, 1, 1),
(1997, 2019, 48931, 26699, 'Occasion', 805, 92, 221, 7, 1),
(1998, 2023, 22558, 27499, 'Occasion', 820, 103, 535, 7, 2),
(1999, 2023, 19831, 37299, 'Occasion', 808, 160, 298, 7, 1),
(2000, 2023, 51438, 23099, 'Occasion', 802, 117, 640, 5, 1),
(2001, 2022, 35344, 21999, 'Occasion', 815, 145, 624, 5, 1),
(2002, 2016, 129162, 17999, 'Occasion', 821, 133, 645, 7, 1),
(2003, 2021, 81476, 19999, 'Occasion', 807, 161, 340, 4, 1),
(2004, 2023, 73357, 39799, 'Occasion', 799, 162, 646, 1, 1),
(2005, 2020, 56582, 38199, 'Occasion', 805, 102, 647, 2, 1),
(2006, 2016, 106015, 48999, 'Occasion', 805, 163, 648, 7, 1),
(2007, 2018, 93455, 13999, 'Occasion', 803, 139, 223, 7, 2),
(2008, 2019, 69772, 24999, 'Occasion', 809, 164, 649, 1, 1),
(2009, 2021, 42696, 13599, 'Occasion', 810, 165, 450, 1, 2),
(2010, 2019, 70487, 24499, 'Occasion', 809, 55, 650, 7, 1),
(2011, 2021, 42359, 24399, 'Occasion', 822, 166, 516, 7, 1),
(2012, 2022, 16167, 26499, 'Occasion', 815, 145, 638, 5, 1),
(2013, 2023, 30941, 29499, 'Occasion', 822, 166, 551, 7, 1),
(2014, 2014, 120271, 14799, 'Occasion', 828, 167, 651, 7, 1),
(2015, 2021, 17923, 14999, 'Occasion', 818, 125, 589, 6, 2),
(2016, 2020, 31987, 35999, 'Occasion', 799, 87, 460, 5, 1),
(2017, 2020, 73444, 23999, 'Occasion', 809, 143, 397, 1, 1),
(2018, 2023, 24125, 24999, 'Occasion', 814, 153, 578, 6, 2),
(2019, 2016, 82259, 8999, 'Occasion', 813, 157, 652, 7, 2),
(2020, 2019, 135532, 20099, 'Occasion', 799, 168, 559, 7, 1),
(2021, 2023, 10046, 24499, 'Occasion', 815, 145, 638, 1, 2),
(2022, 2022, 58696, 21799, 'Occasion', 815, 145, 624, 5, 1),
(2023, 2024, 11470, 37999, 'Occasion', 808, 115, 320, 1, 1),
(2024, 2023, 52261, 31499, 'Occasion', 808, 115, 653, 7, 1),
(2025, 2019, 72441, 27699, 'Occasion', 821, 73, 575, 1, 1),
(2026, 2020, 98100, 20999, 'Occasion', 817, 123, 654, 7, 1),
(2027, 2021, 14379, 16899, 'Occasion', 815, 169, 638, 2, 1),
(2028, 2018, 20720, 20499, 'Occasion', 819, 159, 655, 1, 1),
(2029, 2021, 19033, 17999, 'Occasion', 815, 170, 531, 6, 2),
(2030, 2018, 113681, 21499, 'Occasion', 808, 171, 382, 7, 2),
(2031, 2024, 9955, 13999, 'Occasion', 813, 157, 452, 6, 2),
(2032, 2018, 78080, 15999, 'Occasion', 812, 172, 656, 4, 1),
(2033, 2021, 22123, 27999, 'Occasion', 809, 55, 657, 7, 1),
(2034, 2023, 12997, 28999, 'Occasion', 816, 173, 601, 2, 1),
(2035, 2020, 125003, 13999, 'Occasion', 814, 153, 528, 7, 2),
(2036, 2020, 93186, 21499, 'Occasion', 817, 123, 404, 7, 2),
(2037, 2023, 19005, 29999, 'Occasion', 829, 174, 658, 5, 1),
(2038, 2023, 12515, 16499, 'Occasion', 808, 121, 659, 2, 1),
(2039, 2022, 33236, 25999, 'Occasion', 825, 175, 581, 4, 1),
(2040, 2020, 89870, 14999, 'Occasion', 799, 176, 660, 2, 1),
(2041, 2020, 31262, 23199, 'Occasion', 803, 129, 661, 1, 1),
(2042, 2016, 94193, 10499, 'Occasion', 810, 165, 662, 7, 2),
(2043, 2023, 17902, 19799, 'Occasion', 815, 140, 663, 1, 2),
(2044, 2020, 17593, 10699, 'Occasion', 813, 157, 349, 1, 2),
(2045, 2022, 47585, 22499, 'Occasion', 815, 145, 477, 5, 1),
(2046, 2023, 54234, 23099, 'Occasion', 802, 117, 640, 5, 1),
(2047, 2022, 64513, 36999, 'Occasion', 821, 133, 610, 8, 1),
(2048, 2020, 40713, 33099, 'Occasion', 805, 102, 664, 2, 1),
(2049, 2017, 102691, 10999, 'Occasion', 813, 177, 605, 7, 2),
(2050, 2022, 35021, 15599, 'Occasion', 815, 170, 638, 1, 2),
(2051, 2020, 39715, 17999, 'Occasion', 800, 150, 665, 7, 2),
(2052, 2017, 102345, 17999, 'Occasion', 808, 178, 666, 7, 1),
(2053, 2017, 79713, 17499, 'Occasion', 809, 155, 667, 1, 2),
(2054, 2023, 26531, 30999, 'Occasion', 822, 166, 551, 7, 1),
(2055, 2018, 47840, 10599, 'Occasion', 808, 121, 668, 1, 2),
(2056, 2023, 11672, 19999, 'Occasion', 815, 140, 663, 1, 2),
(2057, 2019, 75680, 14999, 'Occasion', 803, 139, 223, 1, 2),
(2058, 2020, 108062, 16999, 'Occasion', 803, 129, 211, 7, 1),
(2059, 2022, 920, 19499, 'Occasion', 806, 179, 258, 2, 1),
(2060, 2022, 30011, 23499, 'Occasion', 815, 145, 669, 5, 1),
(2061, 2018, 114870, 11999, 'Occasion', 808, 180, 494, 1, 2),
(2062, 2022, 40470, 44999, 'Occasion', 821, 133, 670, 5, 1),
(2063, 2020, 104073, 11599, 'Occasion', 813, 177, 605, 7, 2),
(2064, 2021, 50931, 24999, 'Occasion', 822, 147, 671, 2, 1),
(2065, 2023, 15295, 29999, 'Occasion', 829, 174, 658, 5, 1),
(2066, 2023, 18040, 27299, 'Occasion', 815, 145, 409, 5, 1),
(2067, 2023, 24810, 54999, 'Occasion', 821, 133, 672, 5, 1),
(2068, 2017, 71375, 24999, 'Occasion', 805, 181, 265, 1, 1),
(2069, 2022, 810, 26499, 'Occasion', 804, 182, 673, 7, 2),
(2070, 2021, 18707, 38099, 'Occasion', 805, 102, 664, 2, 1),
(2071, 2020, 48907, 17999, 'Occasion', 814, 153, 674, 1, 1),
(2072, 2020, 25511, 9999, 'Occasion', 813, 157, 652, 1, 2),
(2073, 2021, 75880, 17499, 'Occasion', 810, 183, 675, 7, 1),
(2074, 2021, 37383, 22999, 'Occasion', 830, 184, 676, 1, 1),
(2075, 2019, 63149, 18299, 'Occasion', 814, 153, 599, 1, 1),
(2076, 2020, 56026, 33399, 'Occasion', 805, 185, 677, 7, 1),
(2077, 2022, 41292, 22499, 'Occasion', 815, 145, 638, 1, 2),
(2078, 2022, 5555, 28499, 'Occasion', 826, 126, 598, 2, 1),
(2079, 2023, 27104, 32999, 'Occasion', 822, 186, 573, 7, 1),
(2080, 2020, 78534, 22499, 'Occasion', 808, 149, 678, 7, 1),
(2081, 2023, 10, 35899, 'Occasion', 808, 149, 320, 7, 1),
(2082, 2020, 45904, 15799, 'Occasion', 810, 165, 679, 1, 2),
(2083, 2019, 124440, 47699, 'Occasion', 824, 187, 680, 4, 1),
(2084, 2022, 15558, 27999, 'Occasion', 829, 174, 681, 5, 1),
(2085, 2021, 59112, 22999, 'Occasion', 803, 188, 287, 1, 1),
(2086, 2020, 43030, 17499, 'Occasion', 800, 150, 665, 1, 2),
(2087, 2021, 29115, 21799, 'Occasion', 810, 183, 418, 7, 1),
(2088, 2016, 134190, 13999, 'Occasion', 816, 189, 459, 7, 1),
(2089, 2020, 114474, 18499, 'Occasion', 814, 190, 515, 7, 1),
(2090, 2019, 63900, 18499, 'Occasion', 819, 159, 682, 7, 1),
(2091, 2021, 30995, 10999, 'Occasion', 813, 157, 683, 6, 2),
(2092, 2020, 132867, 17999, 'Occasion', 822, 166, 516, 7, 2),
(2093, 2020, 27463, 14499, 'Occasion', 831, 191, 684, 2, 1),
(2094, 2023, 9932, 29999, 'Occasion', 808, 192, 365, 6, 1),
(2095, 2021, 64463, 40099, 'Occasion', 799, 87, 417, 5, 1),
(2096, 2020, 104815, 18499, 'Occasion', 803, 193, 412, 7, 1),
(2097, 2018, 80110, 16499, 'Occasion', 812, 172, 374, 4, 1),
(2098, 2023, 12827, 34499, 'Occasion', 822, 186, 573, 7, 1),
(2099, 2017, 62036, 13999, 'Occasion', 800, 150, 247, 1, 2),
(2100, 2020, 80929, 21099, 'Occasion', 814, 190, 515, 7, 1),
(2101, 2020, 87420, 17999, 'Occasion', 822, 194, 524, 7, 2),
(2102, 2023, 25986, 52399, 'Occasion', 799, 87, 386, 5, 1),
(2103, 2023, 19530, 10999, 'Occasion', 813, 157, 384, 6, 2),
(2104, 2017, 101226, 11499, 'Occasion', 798, 195, 685, 7, 2),
(2105, 2017, 114415, 17799, 'Occasion', 803, 188, 223, 7, 1),
(2106, 2022, 34219, 35699, 'Occasion', 819, 196, 686, 1, 1),
(2107, 2018, 126707, 9999, 'Occasion', 810, 197, 411, 1, 2),
(2108, 2023, 9332, 40999, 'Occasion', 809, 164, 687, 7, 1),
(2109, 2018, 115003, 9999, 'Occasion', 810, 165, 688, 1, 2),
(2110, 2020, 55750, 19999, 'Occasion', 830, 184, 689, 1, 2),
(2111, 2021, 42239, 28499, 'Occasion', 809, 164, 257, 7, 1),
(2112, 2018, 61960, 19299, 'Occasion', 808, 180, 380, 1, 1),
(2113, 2017, 84980, 15999, 'Occasion', 822, 194, 690, 1, 1),
(2114, 2023, 15388, 28499, 'Occasion', 825, 175, 691, 4, 1),
(2115, 2020, 41079, 24999, 'Occasion', 822, 194, 524, 7, 1),
(2116, 2021, 61478, 17999, 'Occasion', 810, 165, 411, 7, 2),
(2117, 2018, 109191, 27299, 'Occasion', 809, 55, 396, 7, 1),
(2118, 2022, 35429, 37499, 'Occasion', 815, 198, 692, 2, 1),
(2119, 2016, 64085, 16799, 'Occasion', 825, 175, 693, 1, 1),
(2120, 2023, 20236, 33499, 'Occasion', 822, 186, 573, 7, 1),
(2121, 2018, 107659, 10999, 'Occasion', 810, 165, 694, 7, 2),
(2122, 2017, 61799, 11999, 'Occasion', 804, 199, 695, 7, 2),
(2123, 2019, 50500, 22499, 'Occasion', 819, 196, 539, 1, 1),
(2124, 2023, 29787, 64999, 'Occasion', 821, 200, 672, 5, 1),
(2125, 2019, 56289, 43599, 'Occasion', 805, 201, 206, 8, 1),
(2126, 2017, 107666, 12999, 'Occasion', 804, 202, 208, 1, 1),
(2127, 2018, 62393, 13999, 'Occasion', 810, 197, 540, 7, 2),
(2128, 2023, 20640, 35699, 'Occasion', 822, 186, 573, 7, 1),
(2129, 2019, 77504, 20699, 'Occasion', 803, 188, 267, 7, 1),
(2130, 2021, 100054, 10999, 'Occasion', 803, 203, 211, 1, 2),
(2131, 2020, 107290, 21999, 'Occasion', 803, 188, 287, 7, 1),
(2132, 2022, 19217, 29999, 'Occasion', 802, 204, 696, 2, 1),
(2133, 2021, 36555, 37499, 'Occasion', 799, 205, 386, 8, 1),
(2134, 2021, 32160, 15299, 'Occasion', 813, 206, 697, 1, 2),
(2135, 2022, 35840, 29999, 'Occasion', 819, 196, 698, 5, 1),
(2136, 2017, 118416, 13499, 'Occasion', 812, 207, 291, 1, 1),
(2137, 2019, 116697, 11999, 'Occasion', 813, 208, 508, 7, 2),
(2138, 2016, 118576, 16999, 'Occasion', 827, 209, 699, 7, 1),
(2139, 2019, 50550, 28099, 'Occasion', 809, 55, 650, 7, 1),
(2140, 2019, 39717, 20499, 'Occasion', 828, 210, 700, 6, 2),
(2141, 2024, 9780, 28799, 'Occasion', 828, 210, 701, 6, 1),
(2142, 2018, 119703, 10999, 'Occasion', 813, 211, 349, 7, 1),
(2143, 2023, 10, 34499, 'Occasion', 807, 212, 702, 1, 2),
(2144, 2020, 26885, 12999, 'Occasion', 800, 138, 703, 1, 2),
(2145, 2019, 84810, 23999, 'Occasion', 805, 213, 704, 7, 1),
(2146, 2023, 26317, 26299, 'Occasion', 822, 194, 551, 7, 2),
(2147, 2020, 116280, 17999, 'Occasion', 822, 194, 516, 7, 2),
(2148, 2019, 74501, 24199, 'Occasion', 832, 214, 705, 7, 1),
(2149, 2017, 113137, 24999, 'Occasion', 821, 133, 706, 7, 1),
(2150, 2021, 79364, 22499, 'Occasion', 822, 194, 502, 5, 1),
(2151, 2024, 8120, 28999, 'Occasion', 828, 210, 701, 6, 1),
(2152, 2019, 72095, 20999, 'Occasion', 819, 196, 707, 1, 1),
(2153, 2022, 59148, 32999, 'Occasion', 799, 205, 708, 8, 1),
(2154, 2023, 1210, 25999, 'Occasion', 806, 65, 709, 1, 2),
(2155, 2019, 84548, 17999, 'Occasion', 821, 215, 710, 7, 1),
(2156, 2018, 101052, 23999, 'Occasion', 809, 164, 711, 7, 1),
(2157, 2022, 13, 28399, 'Occasion', 803, 216, 407, 7, 2),
(2158, 2019, 44759, 10799, 'Occasion', 814, 217, 712, 1, 2),
(2159, 2023, 16706, 30999, 'Occasion', 832, 218, 713, 6, 1),
(2160, 2020, 56232, 31499, 'Occasion', 809, 143, 396, 5, 1),
(2161, 2016, 120987, 13499, 'Occasion', 804, 202, 273, 7, 1),
(2162, 2022, 14702, 36499, 'Occasion', 809, 164, 714, 7, 1),
(2163, 2022, 17843, 27499, 'Occasion', 803, 156, 201, 2, 1),
(2164, 2020, 49230, 12499, 'Occasion', 800, 138, 703, 1, 2),
(2165, 2022, 53316, 32099, 'Occasion', 832, 214, 705, 7, 1),
(2166, 2018, 130716, 10999, 'Occasion', 806, 179, 258, 2, 1),
(2167, 2023, 24725, 39799, 'Occasion', 809, 164, 715, 7, 1),
(2168, 2018, 83763, 6699, 'Occasion', 804, 219, 639, 2, 1),
(2169, 2021, 99641, 29499, 'Occasion', 799, 220, 493, 8, 1),
(2170, 2021, 85890, 19999, 'Occasion', 808, 192, 298, 7, 1),
(2171, 2016, 72002, 11499, 'Occasion', 803, 221, 716, 1, 2),
(2172, 2021, 21910, 15799, 'Occasion', 806, 179, 717, 2, 1),
(2173, 2021, 58168, 28099, 'Occasion', 809, 164, 257, 7, 1),
(2174, 2019, 50676, 12027, 'Occasion', 800, 138, 718, 1, 2),
(2175, 2018, 43040, 25499, 'Occasion', 819, 196, 539, 1, 1),
(2176, 2017, 34290, 16299, 'Occasion', 828, 222, 719, 1, 1),
(2177, 2019, 84309, 17999, 'Occasion', 805, 213, 720, 7, 1),
(2178, 2015, 76285, 9999, 'Occasion', 810, 223, 721, 1, 2),
(2179, 2022, 26758, 21499, 'Occasion', 808, 192, 307, 1, 2),
(2180, 2024, 6836, 19499, 'Occasion', 812, 207, 313, 1, 2),
(2181, 2020, 56839, 25399, 'Occasion', 809, 164, 257, 1, 2),
(2182, 2017, 69348, 16799, 'Occasion', 824, 224, 680, 4, 1),
(2183, 2022, 17160, 35399, 'Occasion', 805, 181, 221, 6, 1),
(2184, 2019, 91515, 24499, 'Occasion', 809, 225, 650, 7, 1),
(2185, 2019, 54738, 13499, 'Occasion', 800, 138, 718, 1, 2),
(2186, 2024, 12121, 21499, 'Occasion', 812, 207, 722, 6, 2),
(2187, 2019, 89770, 13999, 'Occasion', 813, 211, 723, 7, 1),
(2188, 2018, 107361, 11999, 'Occasion', 806, 179, 258, 2, 1),
(2189, 2023, 12330, 25499, 'Occasion', 812, 207, 724, 6, 1),
(2190, 2018, 132050, 17499, 'Occasion', 819, 196, 725, 7, 1),
(2191, 2020, 54613, 13999, 'Occasion', 806, 179, 258, 2, 1),
(2192, 2017, 78414, 26999, 'Occasion', 799, 226, 386, 7, 1),
(2193, 2023, 28845, 32999, 'Occasion', 819, 227, 507, 5, 1),
(2194, 2022, 29609, 22259, 'Occasion', 812, 207, 724, 6, 2),
(2195, 2022, 26359, 18499, 'Occasion', 822, 228, 516, 1, 1),
(2196, 2015, 132501, 10899, 'Occasion', 814, 229, 613, 7, 2),
(2197, 2021, 25040, 31099, 'Occasion', 799, 220, 460, 8, 1),
(2198, 2022, 80922, 32799, 'Occasion', 799, 205, 708, 8, 1),
(2199, 2019, 72892, 23999, 'Occasion', 819, 196, 726, 5, 1),
(2200, 2020, 63276, 25799, 'Occasion', 799, 205, 536, 7, 2),
(2201, 2019, 69829, 12999, 'Occasion', 803, 203, 211, 7, 2),
(2202, 2021, 85148, 21499, 'Occasion', 808, 192, 298, 7, 1),
(2203, 2018, 101907, 26499, 'Occasion', 799, 226, 727, 7, 1),
(2204, 2022, 95769, 28999, 'Occasion', 799, 220, 435, 7, 1),
(2205, 2019, 23323, 11999, 'Occasion', 831, 230, 728, 1, 1),
(2206, 2020, 21399, 40299, 'Occasion', 799, 220, 386, 7, 1),
(2207, 2019, 79842, 27499, 'Occasion', 809, 225, 396, 7, 1),
(2208, 2019, 102965, 12999, 'Occasion', 813, 211, 605, 7, 2),
(2209, 2020, 63695, 15999, 'Occasion', 806, 179, 258, 2, 1),
(2210, 2019, 34936, 34699, 'Occasion', 805, 181, 221, 7, 1),
(2211, 2019, 13140, 16799, 'Occasion', 806, 179, 258, 2, 1),
(2212, 2023, 25505, 29399, 'Occasion', 819, 196, 729, 1, 1),
(2213, 2023, 12756, 21499, 'Occasion', 822, 231, 551, 1, 1),
(2214, 2020, 73342, 15499, 'Occasion', 812, 207, 291, 6, 2),
(2215, 2018, 100849, 20499, 'Occasion', 819, 196, 539, 7, 1),
(2216, 2023, 24172, 23499, 'Occasion', 822, 231, 596, 1, 2),
(2217, 2019, 87310, 30999, 'Occasion', 799, 232, 386, 5, 1),
(2218, 2018, 30246, 15599, 'Occasion', 806, 179, 258, 2, 1),
(2219, 2018, 63584, 16999, 'Occasion', 814, 233, 571, 4, 1),
(2220, 2016, 79040, 10999, 'Occasion', 814, 229, 545, 1, 2),
(2221, 2023, 23776, 21999, 'Occasion', 822, 231, 524, 1, 2),
(2222, 2022, 58828, 22699, 'Occasion', 805, 213, 497, 1, 2),
(2223, 2020, 78770, 21999, 'Occasion', 829, 234, 658, 5, 1),
(2224, 2020, 73300, 21999, 'Occasion', 808, 235, 730, 1, 1),
(2225, 2018, 67658, 13199, 'Occasion', 822, 228, 516, 1, 2),
(2226, 2019, 60160, 18299, 'Occasion', 808, 235, 380, 1, 2),
(2227, 2024, 169, 17599, 'Occasion', 812, 236, 313, 1, 2),
(2228, 2023, 26810, 21999, 'Occasion', 822, 231, 596, 1, 2),
(2229, 2023, 31695, 21499, 'Occasion', 822, 231, 731, 1, 2),
(2230, 2020, 58279, 11999, 'Occasion', 813, 237, 478, 1, 2),
(2231, 2021, 22386, 19299, 'Occasion', 822, 231, 732, 1, 1),
(2232, 2023, 16318, 20499, 'Occasion', 822, 231, 524, 1, 2),
(2233, 2023, 27297, 17999, 'Occasion', 822, 231, 516, 1, 2),
(2234, 2023, 16290, 21999, 'Occasion', 822, 231, 731, 1, 2),
(2235, 2023, 29046, 21999, 'Occasion', 822, 231, 524, 1, 2),
(2236, 2023, 22743, 17999, 'Occasion', 822, 231, 516, 1, 2),
(2237, 2023, 26518, 18499, 'Occasion', 822, 231, 516, 1, 2),
(2238, 2022, 41456, 18199, 'Occasion', 822, 231, 502, 1, 2),
(2239, 2016, 71935, 11999, 'Occasion', 799, 176, 660, 2, 1),
(2240, 2023, 35111, 21499, 'Occasion', 822, 231, 596, 1, 2),
(2241, 2023, 27037, 22499, 'Occasion', 822, 231, 596, 1, 2),
(2242, 2018, 92780, 9299, 'Occasion', 810, 238, 733, 1, 2),
(2243, 2023, 28487, 18499, 'Occasion', 822, 231, 516, 1, 2),
(2244, 2019, 29176, 18999, 'Occasion', 828, 222, 651, 1, 2),
(2245, 2019, 26054, 28399, 'Occasion', 805, 213, 572, 1, 1),
(2246, 2019, 90949, 23499, 'Occasion', 799, 239, 564, 7, 1),
(2247, 2020, 67211, 24999, 'Occasion', 819, 227, 682, 7, 1),
(2248, 2020, 103203, 25999, 'Occasion', 799, 220, 435, 7, 1),
(2249, 2019, 71572, 29099, 'Occasion', 805, 181, 734, 1, 1),
(2250, 2020, 13919, 12499, 'Occasion', 831, 240, 735, 2, 1),
(2251, 2016, 115498, 9499, 'Occasion', 813, 237, 736, 1, 2),
(2252, 2020, 69412, 17599, 'Occasion', 808, 241, 311, 7, 2),
(2253, 2020, 72145, 17299, 'Occasion', 808, 241, 311, 7, 2),
(2254, 2021, 10176, 18699, 'Occasion', 803, 203, 227, 4, 1),
(2255, 2021, 7180, 7499, 'Occasion', 803, 242, 737, 2, 1),
(2256, 2017, 27175, 27499, 'Occasion', 805, 243, 206, 1, 2),
(2257, 2023, 14618, 15699, 'Occasion', 803, 203, 266, 3, 2),
(2258, 2021, 32835, 31799, 'Occasion', 817, 244, 738, 7, 1),
(2259, 2015, 58640, 7299, 'Occasion', 831, 245, 728, 1, 2),
(2260, 2022, 14985, 20199, 'Occasion', 803, 203, 201, 4, 1),
(2261, 2018, 114472, 10499, 'Occasion', 813, 237, 452, 7, 2),
(2262, 2020, 70956, 17399, 'Occasion', 808, 241, 311, 7, 2),
(2263, 2023, 9910, 17199, 'Occasion', 803, 203, 201, 1, 2),
(2264, 2023, 19756, 14699, 'Occasion', 803, 203, 266, 1, 2),
(2265, 2020, 133331, 24999, 'Occasion', 805, 246, 739, 7, 1),
(2266, 2018, 110826, 8999, 'Occasion', 798, 247, 740, 7, 2),
(2267, 2019, 101992, 25999, 'Occasion', 824, 248, 563, 4, 1),
(2268, 2023, 11694, 14599, 'Occasion', 803, 203, 381, 1, 2),
(2269, 2016, 133452, 21999, 'Occasion', 820, 249, 535, 7, 1),
(2270, 2023, 29024, 36999, 'Occasion', 808, 250, 365, 7, 1),
(2271, 2019, 56161, 18099, 'Occasion', 805, 251, 437, 1, 2),
(2272, 2021, 36533, 12299, 'Occasion', 803, 252, 227, 2, 1),
(2273, 2023, 21410, 19499, 'Occasion', 812, 253, 313, 1, 2),
(2274, 2023, 16535, 14999, 'Occasion', 803, 203, 266, 1, 2),
(2275, 2022, 54003, 12399, 'Occasion', 803, 252, 381, 2, 1),
(2276, 2020, 24247, 18699, 'Occasion', 828, 254, 741, 1, 1),
(2277, 2019, 39277, 24399, 'Occasion', 799, 255, 512, 1, 1),
(2278, 2019, 41334, 9499, 'Occasion', 831, 245, 735, 2, 1),
(2279, 2019, 64075, 18199, 'Occasion', 799, 256, 742, 7, 2),
(2280, 2022, 21498, 15999, 'Occasion', 803, 203, 223, 1, 2),
(2281, 2019, 111857, 11999, 'Occasion', 813, 237, 467, 7, 2),
(2282, 2022, 92139, 36499, 'Occasion', 812, 257, 374, 5, 1),
(2283, 2021, 49720, 15899, 'Occasion', 803, 203, 223, 1, 2),
(2284, 2023, 21053, 16199, 'Occasion', 803, 203, 266, 3, 2),
(2285, 2020, 93810, 12999, 'Occasion', 803, 203, 211, 3, 2),
(2286, 2020, 89515, 22999, 'Occasion', 805, 258, 437, 7, 1),
(2287, 2022, 36791, 15999, 'Occasion', 803, 203, 223, 1, 2),
(2288, 2021, 44943, 29999, 'Occasion', 805, 258, 497, 7, 1),
(2289, 2020, 91010, 25999, 'Occasion', 817, 244, 453, 7, 1),
(2290, 2019, 74933, 12699, 'Occasion', 803, 203, 211, 7, 2),
(2291, 2023, 13974, 15699, 'Occasion', 803, 203, 322, 1, 2),
(2292, 2021, 22517, 15699, 'Occasion', 803, 203, 223, 1, 2),
(2293, 2017, 90355, 25999, 'Occasion', 809, 259, 711, 5, 1),
(2294, 2018, 81190, 7999, 'Occasion', 831, 245, 728, 1, 2),
(2295, 2021, 69330, 27999, 'Occasion', 805, 258, 221, 8, 1),
(2296, 2022, 16853, 15899, 'Occasion', 803, 203, 276, 1, 2),
(2297, 2021, 62982, 37499, 'Occasion', 812, 257, 316, 5, 1),
(2298, 2021, 82673, 20999, 'Occasion', 799, 256, 435, 1, 2),
(2299, 2018, 22195, 22999, 'Occasion', 828, 260, 719, 1, 2),
(2300, 2018, 30422, 11999, 'Occasion', 831, 245, 728, 1, 1);

--
-- Indexes for dumped tables
--

--
-- Indexes for table `Carburant`
--
ALTER TABLE `Carburant`
  ADD PRIMARY KEY (`ID_Carburant`);

--
-- Indexes for table `Finition`
--
ALTER TABLE `Finition`
  ADD PRIMARY KEY (`ID_Finition`),
  ADD KEY `Marque_ID` (`Marque_ID`) USING BTREE;

--
-- Indexes for table `Marque`
--
ALTER TABLE `Marque`
  ADD PRIMARY KEY (`ID_Marque`);

--
-- Indexes for table `Modele`
--
ALTER TABLE `Modele`
  ADD PRIMARY KEY (`ID_Modele`),
  ADD KEY `Marque_ID` (`Marque_ID`);

--
-- Indexes for table `Transmission`
--
ALTER TABLE `Transmission`
  ADD PRIMARY KEY (`ID_Transmission`);

--
-- Indexes for table `Users`
--
ALTER TABLE `Users`
  ADD PRIMARY KEY (`ID_User`),
  ADD UNIQUE KEY `Email` (`Email`);

--
-- Indexes for table `Vehicule`
--
ALTER TABLE `Vehicule`
  ADD PRIMARY KEY (`ID_Vehicule`),
  ADD KEY `Marque_ID` (`Marque_ID`),
  ADD KEY `Finition_ID` (`Finition_ID`),
  ADD KEY `Modele_ID` (`Modele_ID`),
  ADD KEY `Carburant_ID` (`Carburant_ID`),
  ADD KEY `Transmission_ID` (`Transmission_ID`);

--
-- AUTO_INCREMENT for dumped tables
--

--
-- AUTO_INCREMENT for table `Carburant`
--
ALTER TABLE `Carburant`
  MODIFY `ID_Carburant` int(11) NOT NULL AUTO_INCREMENT, AUTO_INCREMENT=9;

--
-- AUTO_INCREMENT for table `Finition`
--
ALTER TABLE `Finition`
  MODIFY `ID_Finition` int(11) NOT NULL AUTO_INCREMENT, AUTO_INCREMENT=743;

--
-- AUTO_INCREMENT for table `Marque`
--
ALTER TABLE `Marque`
  MODIFY `ID_Marque` int(11) NOT NULL AUTO_INCREMENT, AUTO_INCREMENT=833;

--
-- AUTO_INCREMENT for table `Modele`
--
ALTER TABLE `Modele`
  MODIFY `ID_Modele` int(11) NOT NULL AUTO_INCREMENT, AUTO_INCREMENT=261;

--
-- AUTO_INCREMENT for table `Transmission`
--
ALTER TABLE `Transmission`
  MODIFY `ID_Transmission` int(11) NOT NULL AUTO_INCREMENT, AUTO_INCREMENT=3;

--
-- AUTO_INCREMENT for table `Users`
--
ALTER TABLE `Users`
  MODIFY `ID_User` int(11) NOT NULL AUTO_INCREMENT;

--
-- AUTO_INCREMENT for table `Vehicule`
--
ALTER TABLE `Vehicule`
  MODIFY `ID_Vehicule` int(11) NOT NULL AUTO_INCREMENT, AUTO_INCREMENT=2301;

--
-- Constraints for dumped tables
--

--
-- Constraints for table `Finition`
--
ALTER TABLE `Finition`
  ADD CONSTRAINT `fk_finition_marque` FOREIGN KEY (`Marque_ID`) REFERENCES `Marque` (`ID_Marque`) ON DELETE CASCADE ON UPDATE CASCADE;

--
-- Constraints for table `Modele`
--
ALTER TABLE `Modele`
  ADD CONSTRAINT `Modele_ibfk_1` FOREIGN KEY (`Marque_ID`) REFERENCES `Marque` (`ID_Marque`) ON DELETE CASCADE;

--
-- Constraints for table `Vehicule`
--
ALTER TABLE `Vehicule`
  ADD CONSTRAINT `Vehicule_ibfk_1` FOREIGN KEY (`Marque_ID`) REFERENCES `Marque` (`ID_Marque`) ON DELETE CASCADE,
  ADD CONSTRAINT `Vehicule_ibfk_2` FOREIGN KEY (`Finition_ID`) REFERENCES `Finition` (`ID_Finition`) ON DELETE CASCADE,
  ADD CONSTRAINT `Vehicule_ibfk_3` FOREIGN KEY (`Modele_ID`) REFERENCES `Modele` (`ID_Modele`) ON DELETE CASCADE,
  ADD CONSTRAINT `Vehicule_ibfk_4` FOREIGN KEY (`Carburant_ID`) REFERENCES `Carburant` (`ID_Carburant`) ON DELETE CASCADE,
  ADD CONSTRAINT `Vehicule_ibfk_5` FOREIGN KEY (`Transmission_ID`) REFERENCES `Transmission` (`ID_Transmission`) ON DELETE CASCADE;
COMMIT;

/*!40101 SET CHARACTER_SET_CLIENT=@OLD_CHARACTER_SET_CLIENT */;
/*!40101 SET CHARACTER_SET_RESULTS=@OLD_CHARACTER_SET_RESULTS */;
/*!40101 SET COLLATION_CONNECTION=@OLD_COLLATION_CONNECTION */;
